"Sector","Country","Year","Quarter","Value"
"Agriculture, forestry and fishing","Austria",2010,"Q1",179.34
"Agriculture, forestry and fishing","Austria",2010,"Q2",202.2
"Agriculture, forestry and fishing","Austria",2010,"Q3",206.65
"Agriculture, forestry and fishing","Austria",2010,"Q4",203.84
"Agriculture, forestry and fishing","Austria",2011,"Q1",180.14
"Agriculture, forestry and fishing","Austria",2011,"Q2",202.95
"Agriculture, forestry and fishing","Austria",2011,"Q3",204.22
"Agriculture, forestry and fishing","Austria",2011,"Q4",192.56
"Agriculture, forestry and fishing","Austria",2012,"Q1",173.8
"Agriculture, forestry and fishing","Austria",2012,"Q2",192.56
"Agriculture, forestry and fishing","Austria",2012,"Q3",192.29
"Agriculture, forestry and fishing","Austria",2012,"Q4",177.92
"Agriculture, forestry and fishing","Austria",2013,"Q1",160.43
"Agriculture, forestry and fishing","Austria",2013,"Q2",186.96
"Agriculture, forestry and fishing","Austria",2013,"Q3",194.24
"Agriculture, forestry and fishing","Austria",2013,"Q4",185.81
"Agriculture, forestry and fishing","Austria",2014,"Q1",173.88
"Agriculture, forestry and fishing","Austria",2014,"Q2",196.46
"Agriculture, forestry and fishing","Austria",2014,"Q3",198.89
"Agriculture, forestry and fishing","Austria",2014,"Q4",182.87
"Agriculture, forestry and fishing","Austria",2015,"Q1",164.34
"Agriculture, forestry and fishing","Austria",2015,"Q2",183.24
"Agriculture, forestry and fishing","Austria",2015,"Q3",184.36
"Agriculture, forestry and fishing","Austria",2015,"Q4",172.02
"Agriculture, forestry and fishing","Austria",2016,"Q1",155.09
"Agriculture, forestry and fishing","Austria",2016,"Q2",176.11
"Agriculture, forestry and fishing","Austria",2016,"Q3",182.17
"Agriculture, forestry and fishing","Austria",2016,"Q4",171.79
"Agriculture, forestry and fishing","Austria",2017,"Q1",158.92
"Agriculture, forestry and fishing","Austria",2017,"Q2",167.96
"Agriculture, forestry and fishing","Austria",2017,"Q3",174.2
"Agriculture, forestry and fishing","Austria",2017,"Q4",166.87
"Agriculture, forestry and fishing","Austria",2018,"Q1",145.9
"Agriculture, forestry and fishing","Austria",2018,"Q2",162.78
"Agriculture, forestry and fishing","Austria",2018,"Q3",162.03
"Agriculture, forestry and fishing","Austria",2018,"Q4",154.39
"Agriculture, forestry and fishing","Austria",2019,"Q1",139.75
"Agriculture, forestry and fishing","Austria",2019,"Q2",151.12
"Agriculture, forestry and fishing","Austria",2019,"Q3",156.18
"Agriculture, forestry and fishing","Austria",2019,"Q4",147.59
"Agriculture, forestry and fishing","Austria",2021,"Q1",142.09
"Agriculture, forestry and fishing","Austria",2021,"Q2",158.21
"Agriculture, forestry and fishing","Austria",2021,"Q3",167.36
"Agriculture, forestry and fishing","Austria",2021,"Q4",153.76
"Agriculture, forestry and fishing","Austria",2022,"Q1",141.85
"Agriculture, forestry and fishing","Austria",2022,"Q2",156.89
"Agriculture, forestry and fishing","Austria",2022,"Q3",157.53
"Agriculture, forestry and fishing","Austria",2022,"Q4",143.5
"Agriculture, forestry and fishing","Austria",2023,"Q1",127.26
"Agriculture, forestry and fishing","Austria",2023,"Q2",142.87
"Agriculture, forestry and fishing","Austria",2023,"Q3",146.2
"Agriculture, forestry and fishing","Austria",2023,"Q4",137.4
"Agriculture, forestry and fishing","Austria",2024,"Q1",127.03
"Agriculture, forestry and fishing","Austria",2024,"Q2",140.49
"Agriculture, forestry and fishing","Austria",2024,"Q3",146.3
"Agriculture, forestry and fishing","Belgium",2010,"Q1",59.4
"Agriculture, forestry and fishing","Belgium",2010,"Q2",62.7
"Agriculture, forestry and fishing","Belgium",2010,"Q3",69
"Agriculture, forestry and fishing","Belgium",2010,"Q4",63.9
"Agriculture, forestry and fishing","Belgium",2011,"Q1",56.8
"Agriculture, forestry and fishing","Belgium",2011,"Q2",60.7
"Agriculture, forestry and fishing","Belgium",2011,"Q3",67
"Agriculture, forestry and fishing","Belgium",2011,"Q4",61.7
"Agriculture, forestry and fishing","Belgium",2012,"Q1",55.5
"Agriculture, forestry and fishing","Belgium",2012,"Q2",60.2
"Agriculture, forestry and fishing","Belgium",2012,"Q3",66.3
"Agriculture, forestry and fishing","Belgium",2012,"Q4",60.7
"Agriculture, forestry and fishing","Belgium",2013,"Q1",54.1
"Agriculture, forestry and fishing","Belgium",2013,"Q2",58.3
"Agriculture, forestry and fishing","Belgium",2013,"Q3",65.7
"Agriculture, forestry and fishing","Belgium",2013,"Q4",60.4
"Agriculture, forestry and fishing","Belgium",2014,"Q1",53.6
"Agriculture, forestry and fishing","Belgium",2014,"Q2",59.1
"Agriculture, forestry and fishing","Belgium",2014,"Q3",65.1
"Agriculture, forestry and fishing","Belgium",2014,"Q4",59.3
"Agriculture, forestry and fishing","Belgium",2015,"Q1",53.8
"Agriculture, forestry and fishing","Belgium",2015,"Q2",58.8
"Agriculture, forestry and fishing","Belgium",2015,"Q3",66
"Agriculture, forestry and fishing","Belgium",2015,"Q4",60.2
"Agriculture, forestry and fishing","Belgium",2016,"Q1",53.3
"Agriculture, forestry and fishing","Belgium",2016,"Q2",58.4
"Agriculture, forestry and fishing","Belgium",2016,"Q3",64.9
"Agriculture, forestry and fishing","Belgium",2016,"Q4",59.7
"Agriculture, forestry and fishing","Belgium",2017,"Q1",53.7
"Agriculture, forestry and fishing","Belgium",2017,"Q2",59.1
"Agriculture, forestry and fishing","Belgium",2017,"Q3",63.4
"Agriculture, forestry and fishing","Belgium",2017,"Q4",57.5
"Agriculture, forestry and fishing","Belgium",2018,"Q1",53.5
"Agriculture, forestry and fishing","Belgium",2018,"Q2",59.2
"Agriculture, forestry and fishing","Belgium",2018,"Q3",64.3
"Agriculture, forestry and fishing","Belgium",2018,"Q4",58.3
"Agriculture, forestry and fishing","Belgium",2019,"Q1",54
"Agriculture, forestry and fishing","Belgium",2019,"Q2",59.4
"Agriculture, forestry and fishing","Belgium",2019,"Q3",64.5
"Agriculture, forestry and fishing","Belgium",2019,"Q4",58.8
"Agriculture, forestry and fishing","Belgium",2021,"Q1",54
"Agriculture, forestry and fishing","Belgium",2021,"Q2",59.9
"Agriculture, forestry and fishing","Belgium",2021,"Q3",66.9
"Agriculture, forestry and fishing","Belgium",2021,"Q4",60.3
"Agriculture, forestry and fishing","Belgium",2022,"Q1",53.8
"Agriculture, forestry and fishing","Belgium",2022,"Q2",60.1
"Agriculture, forestry and fishing","Belgium",2022,"Q3",65.7
"Agriculture, forestry and fishing","Belgium",2022,"Q4",58.7
"Agriculture, forestry and fishing","Belgium",2023,"Q1",52.6
"Agriculture, forestry and fishing","Belgium",2023,"Q2",58.1
"Agriculture, forestry and fishing","Belgium",2023,"Q3",64.5
"Agriculture, forestry and fishing","Belgium",2023,"Q4",58.6
"Agriculture, forestry and fishing","Belgium",2024,"Q1",52.8
"Agriculture, forestry and fishing","Belgium",2024,"Q2",57.9
"Agriculture, forestry and fishing","Belgium",2024,"Q3",63.1
"Agriculture, forestry and fishing","Cyprus",2010,"Q1",16.87
"Agriculture, forestry and fishing","Cyprus",2010,"Q2",17.36
"Agriculture, forestry and fishing","Cyprus",2010,"Q3",17.14
"Agriculture, forestry and fishing","Cyprus",2010,"Q4",17.59
"Agriculture, forestry and fishing","Cyprus",2011,"Q1",17.66
"Agriculture, forestry and fishing","Cyprus",2011,"Q2",17.88
"Agriculture, forestry and fishing","Cyprus",2011,"Q3",16.88
"Agriculture, forestry and fishing","Cyprus",2011,"Q4",16.35
"Agriculture, forestry and fishing","Cyprus",2012,"Q1",16.76
"Agriculture, forestry and fishing","Cyprus",2012,"Q2",16.29
"Agriculture, forestry and fishing","Cyprus",2012,"Q3",15.58
"Agriculture, forestry and fishing","Cyprus",2012,"Q4",15.61
"Agriculture, forestry and fishing","Cyprus",2013,"Q1",15.37
"Agriculture, forestry and fishing","Cyprus",2013,"Q2",15.47
"Agriculture, forestry and fishing","Cyprus",2013,"Q3",15.23
"Agriculture, forestry and fishing","Cyprus",2013,"Q4",15.59
"Agriculture, forestry and fishing","Cyprus",2014,"Q1",14.07
"Agriculture, forestry and fishing","Cyprus",2014,"Q2",14.58
"Agriculture, forestry and fishing","Cyprus",2014,"Q3",14.81
"Agriculture, forestry and fishing","Cyprus",2014,"Q4",14.63
"Agriculture, forestry and fishing","Cyprus",2015,"Q1",14.62
"Agriculture, forestry and fishing","Cyprus",2015,"Q2",15.21
"Agriculture, forestry and fishing","Cyprus",2015,"Q3",14.76
"Agriculture, forestry and fishing","Cyprus",2015,"Q4",14.79
"Agriculture, forestry and fishing","Cyprus",2016,"Q1",14.93
"Agriculture, forestry and fishing","Cyprus",2016,"Q2",15.62
"Agriculture, forestry and fishing","Cyprus",2016,"Q3",15.38
"Agriculture, forestry and fishing","Cyprus",2016,"Q4",15.55
"Agriculture, forestry and fishing","Cyprus",2017,"Q1",15.09
"Agriculture, forestry and fishing","Cyprus",2017,"Q2",15.68
"Agriculture, forestry and fishing","Cyprus",2017,"Q3",15.12
"Agriculture, forestry and fishing","Cyprus",2017,"Q4",14.77
"Agriculture, forestry and fishing","Cyprus",2018,"Q1",14.74
"Agriculture, forestry and fishing","Cyprus",2018,"Q2",15
"Agriculture, forestry and fishing","Cyprus",2018,"Q3",14.99
"Agriculture, forestry and fishing","Cyprus",2018,"Q4",14.81
"Agriculture, forestry and fishing","Cyprus",2019,"Q1",14.88
"Agriculture, forestry and fishing","Cyprus",2019,"Q2",15.69
"Agriculture, forestry and fishing","Cyprus",2019,"Q3",15.6
"Agriculture, forestry and fishing","Cyprus",2019,"Q4",15.42
"Agriculture, forestry and fishing","Cyprus",2021,"Q1",15.51
"Agriculture, forestry and fishing","Cyprus",2021,"Q2",16.01
"Agriculture, forestry and fishing","Cyprus",2021,"Q3",15.91
"Agriculture, forestry and fishing","Cyprus",2021,"Q4",15.78
"Agriculture, forestry and fishing","Cyprus",2022,"Q1",15.82
"Agriculture, forestry and fishing","Cyprus",2022,"Q2",16.02
"Agriculture, forestry and fishing","Cyprus",2022,"Q3",16.1
"Agriculture, forestry and fishing","Cyprus",2022,"Q4",16.02
"Agriculture, forestry and fishing","Cyprus",2023,"Q1",15.89
"Agriculture, forestry and fishing","Cyprus",2023,"Q2",16.11
"Agriculture, forestry and fishing","Cyprus",2023,"Q3",16.14
"Agriculture, forestry and fishing","Cyprus",2023,"Q4",16.12
"Agriculture, forestry and fishing","Cyprus",2024,"Q1",15.94
"Agriculture, forestry and fishing","Cyprus",2024,"Q2",16.4
"Agriculture, forestry and fishing","Cyprus",2024,"Q3",16.41
"Agriculture, forestry and fishing","Germany",2010,"Q1",616
"Agriculture, forestry and fishing","Germany",2010,"Q2",674
"Agriculture, forestry and fishing","Germany",2010,"Q3",668
"Agriculture, forestry and fishing","Germany",2010,"Q4",628
"Agriculture, forestry and fishing","Germany",2011,"Q1",617
"Agriculture, forestry and fishing","Germany",2011,"Q2",687
"Agriculture, forestry and fishing","Germany",2011,"Q3",670
"Agriculture, forestry and fishing","Germany",2011,"Q4",629
"Agriculture, forestry and fishing","Germany",2012,"Q1",614
"Agriculture, forestry and fishing","Germany",2012,"Q2",684
"Agriculture, forestry and fishing","Germany",2012,"Q3",668
"Agriculture, forestry and fishing","Germany",2012,"Q4",628
"Agriculture, forestry and fishing","Germany",2013,"Q1",607
"Agriculture, forestry and fishing","Germany",2013,"Q2",674
"Agriculture, forestry and fishing","Germany",2013,"Q3",665
"Agriculture, forestry and fishing","Germany",2013,"Q4",621
"Agriculture, forestry and fishing","Germany",2014,"Q1",601
"Agriculture, forestry and fishing","Germany",2014,"Q2",683
"Agriculture, forestry and fishing","Germany",2014,"Q3",661
"Agriculture, forestry and fishing","Germany",2014,"Q4",614
"Agriculture, forestry and fishing","Germany",2015,"Q1",593
"Agriculture, forestry and fishing","Germany",2015,"Q2",678
"Agriculture, forestry and fishing","Germany",2015,"Q3",660
"Agriculture, forestry and fishing","Germany",2015,"Q4",612
"Agriculture, forestry and fishing","Germany",2016,"Q1",587
"Agriculture, forestry and fishing","Germany",2016,"Q2",666
"Agriculture, forestry and fishing","Germany",2016,"Q3",644
"Agriculture, forestry and fishing","Germany",2016,"Q4",597
"Agriculture, forestry and fishing","Germany",2017,"Q1",574
"Agriculture, forestry and fishing","Germany",2017,"Q2",649
"Agriculture, forestry and fishing","Germany",2017,"Q3",628
"Agriculture, forestry and fishing","Germany",2017,"Q4",582
"Agriculture, forestry and fishing","Germany",2018,"Q1",566
"Agriculture, forestry and fishing","Germany",2018,"Q2",651
"Agriculture, forestry and fishing","Germany",2018,"Q3",625
"Agriculture, forestry and fishing","Germany",2018,"Q4",581
"Agriculture, forestry and fishing","Germany",2019,"Q1",564
"Agriculture, forestry and fishing","Germany",2019,"Q2",639
"Agriculture, forestry and fishing","Germany",2019,"Q3",619
"Agriculture, forestry and fishing","Germany",2019,"Q4",574
"Agriculture, forestry and fishing","Germany",2021,"Q1",544
"Agriculture, forestry and fishing","Germany",2021,"Q2",609
"Agriculture, forestry and fishing","Germany",2021,"Q3",600
"Agriculture, forestry and fishing","Germany",2021,"Q4",556
"Agriculture, forestry and fishing","Germany",2022,"Q1",543
"Agriculture, forestry and fishing","Germany",2022,"Q2",609
"Agriculture, forestry and fishing","Germany",2022,"Q3",595
"Agriculture, forestry and fishing","Germany",2022,"Q4",556
"Agriculture, forestry and fishing","Germany",2023,"Q1",542
"Agriculture, forestry and fishing","Germany",2023,"Q2",600
"Agriculture, forestry and fishing","Germany",2023,"Q3",591
"Agriculture, forestry and fishing","Germany",2023,"Q4",555
"Agriculture, forestry and fishing","Germany",2024,"Q1",542
"Agriculture, forestry and fishing","Germany",2024,"Q2",599
"Agriculture, forestry and fishing","Germany",2024,"Q3",583
"Agriculture, forestry and fishing","Euroarea",2010,"Q1",5531.18
"Agriculture, forestry and fishing","Euroarea",2010,"Q2",5579.08
"Agriculture, forestry and fishing","Euroarea",2010,"Q3",5575.52
"Agriculture, forestry and fishing","Euroarea",2010,"Q4",5509.01
"Agriculture, forestry and fishing","Euroarea",2011,"Q1",5392.46
"Agriculture, forestry and fishing","Euroarea",2011,"Q2",5516.74
"Agriculture, forestry and fishing","Euroarea",2011,"Q3",5532.29
"Agriculture, forestry and fishing","Euroarea",2011,"Q4",5368.01
"Agriculture, forestry and fishing","Euroarea",2012,"Q1",5241.51
"Agriculture, forestry and fishing","Euroarea",2012,"Q2",5476.46
"Agriculture, forestry and fishing","Euroarea",2012,"Q3",5407.22
"Agriculture, forestry and fishing","Euroarea",2012,"Q4",5221.99
"Agriculture, forestry and fishing","Euroarea",2013,"Q1",5033.82
"Agriculture, forestry and fishing","Euroarea",2013,"Q2",5321.94
"Agriculture, forestry and fishing","Euroarea",2013,"Q3",5335.7
"Agriculture, forestry and fishing","Euroarea",2013,"Q4",5228.48
"Agriculture, forestry and fishing","Euroarea",2014,"Q1",5065.98
"Agriculture, forestry and fishing","Euroarea",2014,"Q2",5291.49
"Agriculture, forestry and fishing","Euroarea",2014,"Q3",5302
"Agriculture, forestry and fishing","Euroarea",2014,"Q4",5165.03
"Agriculture, forestry and fishing","Euroarea",2015,"Q1",4995.03
"Agriculture, forestry and fishing","Euroarea",2015,"Q2",5266.9
"Agriculture, forestry and fishing","Euroarea",2015,"Q3",5276.05
"Agriculture, forestry and fishing","Euroarea",2015,"Q4",5128.98
"Agriculture, forestry and fishing","Euroarea",2016,"Q1",4947.69
"Agriculture, forestry and fishing","Euroarea",2016,"Q2",5218.55
"Agriculture, forestry and fishing","Euroarea",2016,"Q3",5242.21
"Agriculture, forestry and fishing","Euroarea",2016,"Q4",5127.96
"Agriculture, forestry and fishing","Euroarea",2017,"Q1",4948.79
"Agriculture, forestry and fishing","Euroarea",2017,"Q2",5207.17
"Agriculture, forestry and fishing","Euroarea",2017,"Q3",5163.25
"Agriculture, forestry and fishing","Euroarea",2017,"Q4",5056.77
"Agriculture, forestry and fishing","Euroarea",2018,"Q1",4946.22
"Agriculture, forestry and fishing","Euroarea",2018,"Q2",5191.92
"Agriculture, forestry and fishing","Euroarea",2018,"Q3",5155.39
"Agriculture, forestry and fishing","Euroarea",2018,"Q4",5006.59
"Agriculture, forestry and fishing","Euroarea",2019,"Q1",4879.77
"Agriculture, forestry and fishing","Euroarea",2019,"Q2",5021.59
"Agriculture, forestry and fishing","Euroarea",2019,"Q3",5031.28
"Agriculture, forestry and fishing","Euroarea",2019,"Q4",4920.89
"Agriculture, forestry and fishing","Euroarea",2021,"Q1",4731.6
"Agriculture, forestry and fishing","Euroarea",2021,"Q2",4967.93
"Agriculture, forestry and fishing","Euroarea",2021,"Q3",4960.19
"Agriculture, forestry and fishing","Euroarea",2021,"Q4",4821.06
"Agriculture, forestry and fishing","Euroarea",2022,"Q1",4741.14
"Agriculture, forestry and fishing","Euroarea",2022,"Q2",4966.43
"Agriculture, forestry and fishing","Euroarea",2022,"Q3",4892.92
"Agriculture, forestry and fishing","Euroarea",2022,"Q4",4754.25
"Agriculture, forestry and fishing","Euroarea",2023,"Q1",4607.56
"Agriculture, forestry and fishing","Euroarea",2023,"Q2",4807.84
"Agriculture, forestry and fishing","Euroarea",2023,"Q3",4818.81
"Agriculture, forestry and fishing","Euroarea",2023,"Q4",4737.75
"Agriculture, forestry and fishing","Euroarea",2024,"Q1",4595.12
"Agriculture, forestry and fishing","Euroarea",2024,"Q2",4780.59
"Agriculture, forestry and fishing","Euroarea",2024,"Q3",4786.86
"Agriculture, forestry and fishing","Estonia",2010,"Q1",22.4
"Agriculture, forestry and fishing","Estonia",2010,"Q2",22.6
"Agriculture, forestry and fishing","Estonia",2010,"Q3",25.1
"Agriculture, forestry and fishing","Estonia",2010,"Q4",21.3
"Agriculture, forestry and fishing","Estonia",2011,"Q1",24.2
"Agriculture, forestry and fishing","Estonia",2011,"Q2",27.8
"Agriculture, forestry and fishing","Estonia",2011,"Q3",27.5
"Agriculture, forestry and fishing","Estonia",2011,"Q4",23.7
"Agriculture, forestry and fishing","Estonia",2012,"Q1",26.5
"Agriculture, forestry and fishing","Estonia",2012,"Q2",29.1
"Agriculture, forestry and fishing","Estonia",2012,"Q3",25.1
"Agriculture, forestry and fishing","Estonia",2012,"Q4",25.5
"Agriculture, forestry and fishing","Estonia",2013,"Q1",28.3
"Agriculture, forestry and fishing","Estonia",2013,"Q2",24.4
"Agriculture, forestry and fishing","Estonia",2013,"Q3",23.8
"Agriculture, forestry and fishing","Estonia",2013,"Q4",23.3
"Agriculture, forestry and fishing","Estonia",2014,"Q1",21.2
"Agriculture, forestry and fishing","Estonia",2014,"Q2",20.2
"Agriculture, forestry and fishing","Estonia",2014,"Q3",25.4
"Agriculture, forestry and fishing","Estonia",2014,"Q4",23.9
"Agriculture, forestry and fishing","Estonia",2015,"Q1",23.1
"Agriculture, forestry and fishing","Estonia",2015,"Q2",24.6
"Agriculture, forestry and fishing","Estonia",2015,"Q3",26
"Agriculture, forestry and fishing","Estonia",2015,"Q4",23.6
"Agriculture, forestry and fishing","Estonia",2016,"Q1",22.2
"Agriculture, forestry and fishing","Estonia",2016,"Q2",26.9
"Agriculture, forestry and fishing","Estonia",2016,"Q3",25.5
"Agriculture, forestry and fishing","Estonia",2016,"Q4",23.2
"Agriculture, forestry and fishing","Estonia",2017,"Q1",22.5
"Agriculture, forestry and fishing","Estonia",2017,"Q2",23.4
"Agriculture, forestry and fishing","Estonia",2017,"Q3",22.1
"Agriculture, forestry and fishing","Estonia",2017,"Q4",21.3
"Agriculture, forestry and fishing","Estonia",2018,"Q1",20.61
"Agriculture, forestry and fishing","Estonia",2018,"Q2",21.94
"Agriculture, forestry and fishing","Estonia",2018,"Q3",25.83
"Agriculture, forestry and fishing","Estonia",2018,"Q4",20.46
"Agriculture, forestry and fishing","Estonia",2019,"Q1",20.04
"Agriculture, forestry and fishing","Estonia",2019,"Q2",21.98
"Agriculture, forestry and fishing","Estonia",2019,"Q3",23.26
"Agriculture, forestry and fishing","Estonia",2019,"Q4",20.89
"Agriculture, forestry and fishing","Estonia",2021,"Q1",19.41
"Agriculture, forestry and fishing","Estonia",2021,"Q2",17.52
"Agriculture, forestry and fishing","Estonia",2021,"Q3",15.41
"Agriculture, forestry and fishing","Estonia",2021,"Q4",14.94
"Agriculture, forestry and fishing","Estonia",2022,"Q1",16.32
"Agriculture, forestry and fishing","Estonia",2022,"Q2",18.38
"Agriculture, forestry and fishing","Estonia",2022,"Q3",17.04
"Agriculture, forestry and fishing","Estonia",2022,"Q4",17.06
"Agriculture, forestry and fishing","Estonia",2023,"Q1",17.17
"Agriculture, forestry and fishing","Estonia",2023,"Q2",17.94
"Agriculture, forestry and fishing","Estonia",2023,"Q3",18.32
"Agriculture, forestry and fishing","Estonia",2023,"Q4",18.17
"Agriculture, forestry and fishing","Estonia",2024,"Q1",22.91
"Agriculture, forestry and fishing","Estonia",2024,"Q2",23.07
"Agriculture, forestry and fishing","Estonia",2024,"Q3",20.53
"Agriculture, forestry and fishing","Greece",2010,"Q1",553.2
"Agriculture, forestry and fishing","Greece",2010,"Q2",543.19
"Agriculture, forestry and fishing","Greece",2010,"Q3",546.07
"Agriculture, forestry and fishing","Greece",2010,"Q4",534.38
"Agriculture, forestry and fishing","Greece",2011,"Q1",537.25
"Agriculture, forestry and fishing","Greece",2011,"Q2",534.55
"Agriculture, forestry and fishing","Greece",2011,"Q3",532.64
"Agriculture, forestry and fishing","Greece",2011,"Q4",526.11
"Agriculture, forestry and fishing","Greece",2012,"Q1",530.2
"Agriculture, forestry and fishing","Greece",2012,"Q2",534.3
"Agriculture, forestry and fishing","Greece",2012,"Q3",531.44
"Agriculture, forestry and fishing","Greece",2012,"Q4",524.05
"Agriculture, forestry and fishing","Greece",2013,"Q1",521.06
"Agriculture, forestry and fishing","Greece",2013,"Q2",527.24
"Agriculture, forestry and fishing","Greece",2013,"Q3",536.13
"Agriculture, forestry and fishing","Greece",2013,"Q4",525.91
"Agriculture, forestry and fishing","Greece",2014,"Q1",528.91
"Agriculture, forestry and fishing","Greece",2014,"Q2",525.67
"Agriculture, forestry and fishing","Greece",2014,"Q3",534.83
"Agriculture, forestry and fishing","Greece",2014,"Q4",531.69
"Agriculture, forestry and fishing","Greece",2015,"Q1",520.58
"Agriculture, forestry and fishing","Greece",2015,"Q2",516.51
"Agriculture, forestry and fishing","Greece",2015,"Q3",513.91
"Agriculture, forestry and fishing","Greece",2015,"Q4",496
"Agriculture, forestry and fishing","Greece",2016,"Q1",487.04
"Agriculture, forestry and fishing","Greece",2016,"Q2",513.57
"Agriculture, forestry and fishing","Greece",2016,"Q3",508.48
"Agriculture, forestry and fishing","Greece",2016,"Q4",490.22
"Agriculture, forestry and fishing","Greece",2017,"Q1",499.21
"Agriculture, forestry and fishing","Greece",2017,"Q2",506.49
"Agriculture, forestry and fishing","Greece",2017,"Q3",509.46
"Agriculture, forestry and fishing","Greece",2017,"Q4",498.01
"Agriculture, forestry and fishing","Greece",2018,"Q1",505.03
"Agriculture, forestry and fishing","Greece",2018,"Q2",508.21
"Agriculture, forestry and fishing","Greece",2018,"Q3",514.69
"Agriculture, forestry and fishing","Greece",2018,"Q4",501.17
"Agriculture, forestry and fishing","Greece",2019,"Q1",494.75
"Agriculture, forestry and fishing","Greece",2019,"Q2",494.97
"Agriculture, forestry and fishing","Greece",2019,"Q3",506.19
"Agriculture, forestry and fishing","Greece",2019,"Q4",498.71
"Agriculture, forestry and fishing","Greece",2021,"Q1",489.85
"Agriculture, forestry and fishing","Greece",2021,"Q2",500.01
"Agriculture, forestry and fishing","Greece",2021,"Q3",506.84
"Agriculture, forestry and fishing","Greece",2021,"Q4",521.51
"Agriculture, forestry and fishing","Greece",2022,"Q1",492.76
"Agriculture, forestry and fishing","Greece",2022,"Q2",502.54
"Agriculture, forestry and fishing","Greece",2022,"Q3",511.21
"Agriculture, forestry and fishing","Greece",2022,"Q4",524.61
"Agriculture, forestry and fishing","Greece",2023,"Q1",515.07
"Agriculture, forestry and fishing","Greece",2023,"Q2",504.5
"Agriculture, forestry and fishing","Greece",2023,"Q3",520.99
"Agriculture, forestry and fishing","Greece",2023,"Q4",532.33
"Agriculture, forestry and fishing","Greece",2024,"Q1",509.57
"Agriculture, forestry and fishing","Greece",2024,"Q2",506.9
"Agriculture, forestry and fishing","Greece",2024,"Q3",508.18
"Agriculture, forestry and fishing","Spain",2010,"Q1",869
"Agriculture, forestry and fishing","Spain",2010,"Q2",810.1
"Agriculture, forestry and fishing","Spain",2010,"Q3",785.2
"Agriculture, forestry and fishing","Spain",2010,"Q4",840.1
"Agriculture, forestry and fishing","Spain",2011,"Q1",828
"Agriculture, forestry and fishing","Spain",2011,"Q2",785.7
"Agriculture, forestry and fishing","Spain",2011,"Q3",752.4
"Agriculture, forestry and fishing","Spain",2011,"Q4",847.5
"Agriculture, forestry and fishing","Spain",2012,"Q1",800.8
"Agriculture, forestry and fishing","Spain",2012,"Q2",762
"Agriculture, forestry and fishing","Spain",2012,"Q3",748.8
"Agriculture, forestry and fishing","Spain",2012,"Q4",804
"Agriculture, forestry and fishing","Spain",2013,"Q1",745.6
"Agriculture, forestry and fishing","Spain",2013,"Q2",786.1
"Agriculture, forestry and fishing","Spain",2013,"Q3",737.4
"Agriculture, forestry and fishing","Spain",2013,"Q4",811.7
"Agriculture, forestry and fishing","Spain",2014,"Q1",813
"Agriculture, forestry and fishing","Spain",2014,"Q2",787.3
"Agriculture, forestry and fishing","Spain",2014,"Q3",724.3
"Agriculture, forestry and fishing","Spain",2014,"Q4",783.8
"Agriculture, forestry and fishing","Spain",2015,"Q1",773.5
"Agriculture, forestry and fishing","Spain",2015,"Q2",792.2
"Agriculture, forestry and fishing","Spain",2015,"Q3",750.4
"Agriculture, forestry and fishing","Spain",2015,"Q4",823.5
"Agriculture, forestry and fishing","Spain",2016,"Q1",821.8
"Agriculture, forestry and fishing","Spain",2016,"Q2",816.1
"Agriculture, forestry and fishing","Spain",2016,"Q3",783.6
"Agriculture, forestry and fishing","Spain",2016,"Q4",856.5
"Agriculture, forestry and fishing","Spain",2017,"Q1",853.3
"Agriculture, forestry and fishing","Spain",2017,"Q2",848
"Agriculture, forestry and fishing","Spain",2017,"Q3",801
"Agriculture, forestry and fishing","Spain",2017,"Q4",853.7
"Agriculture, forestry and fishing","Spain",2018,"Q1",855.2
"Agriculture, forestry and fishing","Spain",2018,"Q2",846
"Agriculture, forestry and fishing","Spain",2018,"Q3",795.4
"Agriculture, forestry and fishing","Spain",2018,"Q4",857.8
"Agriculture, forestry and fishing","Spain",2019,"Q1",851.8
"Agriculture, forestry and fishing","Spain",2019,"Q2",833.3
"Agriculture, forestry and fishing","Spain",2019,"Q3",782.1
"Agriculture, forestry and fishing","Spain",2019,"Q4",832
"Agriculture, forestry and fishing","Spain",2021,"Q1",803.8
"Agriculture, forestry and fishing","Spain",2021,"Q2",813
"Agriculture, forestry and fishing","Spain",2021,"Q3",767.8
"Agriculture, forestry and fishing","Spain",2021,"Q4",832.2
"Agriculture, forestry and fishing","Spain",2022,"Q1",836.1
"Agriculture, forestry and fishing","Spain",2022,"Q2",812.2
"Agriculture, forestry and fishing","Spain",2022,"Q3",756.9
"Agriculture, forestry and fishing","Spain",2022,"Q4",781.2
"Agriculture, forestry and fishing","Spain",2023,"Q1",777.4
"Agriculture, forestry and fishing","Spain",2023,"Q2",789.6
"Agriculture, forestry and fishing","Spain",2023,"Q3",735.9
"Agriculture, forestry and fishing","Spain",2023,"Q4",799.5
"Agriculture, forestry and fishing","Spain",2024,"Q1",776
"Agriculture, forestry and fishing","Spain",2024,"Q2",790.7
"Agriculture, forestry and fishing","Spain",2024,"Q3",748.1
"Agriculture, forestry and fishing","Finland",2010,"Q1",106.8
"Agriculture, forestry and fishing","Finland",2010,"Q2",109.2
"Agriculture, forestry and fishing","Finland",2010,"Q3",114.8
"Agriculture, forestry and fishing","Finland",2010,"Q4",106
"Agriculture, forestry and fishing","Finland",2011,"Q1",107.6
"Agriculture, forestry and fishing","Finland",2011,"Q2",111.2
"Agriculture, forestry and fishing","Finland",2011,"Q3",114
"Agriculture, forestry and fishing","Finland",2011,"Q4",104
"Agriculture, forestry and fishing","Finland",2012,"Q1",99.6
"Agriculture, forestry and fishing","Finland",2012,"Q2",103.6
"Agriculture, forestry and fishing","Finland",2012,"Q3",108.8
"Agriculture, forestry and fishing","Finland",2012,"Q4",98.8
"Agriculture, forestry and fishing","Finland",2013,"Q1",93.2
"Agriculture, forestry and fishing","Finland",2013,"Q2",107.6
"Agriculture, forestry and fishing","Finland",2013,"Q3",101.6
"Agriculture, forestry and fishing","Finland",2013,"Q4",97.2
"Agriculture, forestry and fishing","Finland",2014,"Q1",93.6
"Agriculture, forestry and fishing","Finland",2014,"Q2",100.4
"Agriculture, forestry and fishing","Finland",2014,"Q3",103.2
"Agriculture, forestry and fishing","Finland",2014,"Q4",94
"Agriculture, forestry and fishing","Finland",2015,"Q1",90.4
"Agriculture, forestry and fishing","Finland",2015,"Q2",100.8
"Agriculture, forestry and fishing","Finland",2015,"Q3",99.2
"Agriculture, forestry and fishing","Finland",2015,"Q4",92.4
"Agriculture, forestry and fishing","Finland",2016,"Q1",87.2
"Agriculture, forestry and fishing","Finland",2016,"Q2",100.8
"Agriculture, forestry and fishing","Finland",2016,"Q3",100
"Agriculture, forestry and fishing","Finland",2016,"Q4",89.6
"Agriculture, forestry and fishing","Finland",2017,"Q1",86
"Agriculture, forestry and fishing","Finland",2017,"Q2",98
"Agriculture, forestry and fishing","Finland",2017,"Q3",100.4
"Agriculture, forestry and fishing","Finland",2017,"Q4",90.4
"Agriculture, forestry and fishing","Finland",2018,"Q1",86.4
"Agriculture, forestry and fishing","Finland",2018,"Q2",98.4
"Agriculture, forestry and fishing","Finland",2018,"Q3",99.2
"Agriculture, forestry and fishing","Finland",2018,"Q4",89.6
"Agriculture, forestry and fishing","Finland",2019,"Q1",88.8
"Agriculture, forestry and fishing","Finland",2019,"Q2",94.8
"Agriculture, forestry and fishing","Finland",2019,"Q3",95.6
"Agriculture, forestry and fishing","Finland",2019,"Q4",92
"Agriculture, forestry and fishing","Finland",2021,"Q1",83.6
"Agriculture, forestry and fishing","Finland",2021,"Q2",89.2
"Agriculture, forestry and fishing","Finland",2021,"Q3",90.4
"Agriculture, forestry and fishing","Finland",2021,"Q4",87.6
"Agriculture, forestry and fishing","Finland",2022,"Q1",80.8
"Agriculture, forestry and fishing","Finland",2022,"Q2",90
"Agriculture, forestry and fishing","Finland",2022,"Q3",92.8
"Agriculture, forestry and fishing","Finland",2022,"Q4",84.4
"Agriculture, forestry and fishing","Finland",2023,"Q1",81.6
"Agriculture, forestry and fishing","Finland",2023,"Q2",94
"Agriculture, forestry and fishing","Finland",2023,"Q3",94.4
"Agriculture, forestry and fishing","Finland",2023,"Q4",80.8
"Agriculture, forestry and fishing","Finland",2024,"Q1",79.6
"Agriculture, forestry and fishing","Finland",2024,"Q2",87.9
"Agriculture, forestry and fishing","Finland",2024,"Q3",90.2
"Agriculture, forestry and fishing","France",2010,"Q1",749.5
"Agriculture, forestry and fishing","France",2010,"Q2",746.1
"Agriculture, forestry and fishing","France",2010,"Q3",743.6
"Agriculture, forestry and fishing","France",2010,"Q4",742
"Agriculture, forestry and fishing","France",2011,"Q1",713
"Agriculture, forestry and fishing","France",2011,"Q2",748.3
"Agriculture, forestry and fishing","France",2011,"Q3",766.9
"Agriculture, forestry and fishing","France",2011,"Q4",730.8
"Agriculture, forestry and fishing","France",2012,"Q1",713.8
"Agriculture, forestry and fishing","France",2012,"Q2",751.6
"Agriculture, forestry and fishing","France",2012,"Q3",757.5
"Agriculture, forestry and fishing","France",2012,"Q4",719.1
"Agriculture, forestry and fishing","France",2013,"Q1",711.1
"Agriculture, forestry and fishing","France",2013,"Q2",749.6
"Agriculture, forestry and fishing","France",2013,"Q3",767
"Agriculture, forestry and fishing","France",2013,"Q4",727
"Agriculture, forestry and fishing","France",2014,"Q1",711.2
"Agriculture, forestry and fishing","France",2014,"Q2",756.2
"Agriculture, forestry and fishing","France",2014,"Q3",775.1
"Agriculture, forestry and fishing","France",2014,"Q4",728.2
"Agriculture, forestry and fishing","France",2015,"Q1",704.9
"Agriculture, forestry and fishing","France",2015,"Q2",753
"Agriculture, forestry and fishing","France",2015,"Q3",775.7
"Agriculture, forestry and fishing","France",2015,"Q4",725.8
"Agriculture, forestry and fishing","France",2016,"Q1",697.9
"Agriculture, forestry and fishing","France",2016,"Q2",742.5
"Agriculture, forestry and fishing","France",2016,"Q3",772.4
"Agriculture, forestry and fishing","France",2016,"Q4",721
"Agriculture, forestry and fishing","France",2017,"Q1",692.2
"Agriculture, forestry and fishing","France",2017,"Q2",741.3
"Agriculture, forestry and fishing","France",2017,"Q3",765.9
"Agriculture, forestry and fishing","France",2017,"Q4",720.5
"Agriculture, forestry and fishing","France",2018,"Q1",692.6
"Agriculture, forestry and fishing","France",2018,"Q2",738.8
"Agriculture, forestry and fishing","France",2018,"Q3",769.6
"Agriculture, forestry and fishing","France",2018,"Q4",723.5
"Agriculture, forestry and fishing","France",2019,"Q1",690
"Agriculture, forestry and fishing","France",2019,"Q2",734
"Agriculture, forestry and fishing","France",2019,"Q3",769.9
"Agriculture, forestry and fishing","France",2019,"Q4",727.4
"Agriculture, forestry and fishing","France",2021,"Q1",675.7
"Agriculture, forestry and fishing","France",2021,"Q2",718.2
"Agriculture, forestry and fishing","France",2021,"Q3",749.5
"Agriculture, forestry and fishing","France",2021,"Q4",699.6
"Agriculture, forestry and fishing","France",2022,"Q1",674.4
"Agriculture, forestry and fishing","France",2022,"Q2",720.3
"Agriculture, forestry and fishing","France",2022,"Q3",737.2
"Agriculture, forestry and fishing","France",2022,"Q4",694.6
"Agriculture, forestry and fishing","France",2023,"Q1",672
"Agriculture, forestry and fishing","France",2023,"Q2",714.8
"Agriculture, forestry and fishing","France",2023,"Q3",747.3
"Agriculture, forestry and fishing","France",2023,"Q4",707
"Agriculture, forestry and fishing","France",2024,"Q1",684.2
"Agriculture, forestry and fishing","France",2024,"Q2",723.3
"Agriculture, forestry and fishing","France",2024,"Q3",745.5
"Agriculture, forestry and fishing","Croatia",2010,"Q1",251.17
"Agriculture, forestry and fishing","Croatia",2010,"Q2",248.3
"Agriculture, forestry and fishing","Croatia",2010,"Q3",239.31
"Agriculture, forestry and fishing","Croatia",2010,"Q4",226
"Agriculture, forestry and fishing","Croatia",2011,"Q1",238.52
"Agriculture, forestry and fishing","Croatia",2011,"Q2",233.8
"Agriculture, forestry and fishing","Croatia",2011,"Q3",250.59
"Agriculture, forestry and fishing","Croatia",2011,"Q4",226.09
"Agriculture, forestry and fishing","Croatia",2012,"Q1",179.56
"Agriculture, forestry and fishing","Croatia",2012,"Q2",198.28
"Agriculture, forestry and fishing","Croatia",2012,"Q3",210.14
"Agriculture, forestry and fishing","Croatia",2012,"Q4",180.39
"Agriculture, forestry and fishing","Croatia",2013,"Q1",150.21
"Agriculture, forestry and fishing","Croatia",2013,"Q2",172.17
"Agriculture, forestry and fishing","Croatia",2013,"Q3",162.08
"Agriculture, forestry and fishing","Croatia",2013,"Q4",173.43
"Agriculture, forestry and fishing","Croatia",2014,"Q1",144.9
"Agriculture, forestry and fishing","Croatia",2014,"Q2",153.35
"Agriculture, forestry and fishing","Croatia",2014,"Q3",152.94
"Agriculture, forestry and fishing","Croatia",2014,"Q4",144.8
"Agriculture, forestry and fishing","Croatia",2015,"Q1",137.19
"Agriculture, forestry and fishing","Croatia",2015,"Q2",156.4
"Agriculture, forestry and fishing","Croatia",2015,"Q3",155.91
"Agriculture, forestry and fishing","Croatia",2015,"Q4",135.97
"Agriculture, forestry and fishing","Croatia",2016,"Q1",122.33
"Agriculture, forestry and fishing","Croatia",2016,"Q2",117.9
"Agriculture, forestry and fishing","Croatia",2016,"Q3",122.25
"Agriculture, forestry and fishing","Croatia",2016,"Q4",121.12
"Agriculture, forestry and fishing","Croatia",2017,"Q1",104.33
"Agriculture, forestry and fishing","Croatia",2017,"Q2",111.01
"Agriculture, forestry and fishing","Croatia",2017,"Q3",122.02
"Agriculture, forestry and fishing","Croatia",2017,"Q4",116.32
"Agriculture, forestry and fishing","Croatia",2018,"Q1",107.63
"Agriculture, forestry and fishing","Croatia",2018,"Q2",96.36
"Agriculture, forestry and fishing","Croatia",2018,"Q3",110.97
"Agriculture, forestry and fishing","Croatia",2018,"Q4",99.61
"Agriculture, forestry and fishing","Croatia",2019,"Q1",73.52
"Agriculture, forestry and fishing","Croatia",2019,"Q2",85.82
"Agriculture, forestry and fishing","Croatia",2019,"Q3",90.42
"Agriculture, forestry and fishing","Croatia",2019,"Q4",71.15
"Agriculture, forestry and fishing","Croatia",2021,"Q1",80.96
"Agriculture, forestry and fishing","Croatia",2021,"Q2",90.8
"Agriculture, forestry and fishing","Croatia",2021,"Q3",90.67
"Agriculture, forestry and fishing","Croatia",2021,"Q4",82.86
"Agriculture, forestry and fishing","Croatia",2022,"Q1",77.23
"Agriculture, forestry and fishing","Croatia",2022,"Q2",74.35
"Agriculture, forestry and fishing","Croatia",2022,"Q3",85.04
"Agriculture, forestry and fishing","Croatia",2022,"Q4",75.95
"Agriculture, forestry and fishing","Croatia",2023,"Q1",66.63
"Agriculture, forestry and fishing","Croatia",2023,"Q2",64.05
"Agriculture, forestry and fishing","Croatia",2023,"Q3",71.5
"Agriculture, forestry and fishing","Croatia",2023,"Q4",60.11
"Agriculture, forestry and fishing","Croatia",2024,"Q1",66.17
"Agriculture, forestry and fishing","Croatia",2024,"Q2",72.46
"Agriculture, forestry and fishing","Croatia",2024,"Q3",74.8
"Agriculture, forestry and fishing","Ireland",2010,"Q1",105.03
"Agriculture, forestry and fishing","Ireland",2010,"Q2",111.46
"Agriculture, forestry and fishing","Ireland",2010,"Q3",114.43
"Agriculture, forestry and fishing","Ireland",2010,"Q4",111.08
"Agriculture, forestry and fishing","Ireland",2011,"Q1",107.34
"Agriculture, forestry and fishing","Ireland",2011,"Q2",112.22
"Agriculture, forestry and fishing","Ireland",2011,"Q3",108.03
"Agriculture, forestry and fishing","Ireland",2011,"Q4",103.81
"Agriculture, forestry and fishing","Ireland",2012,"Q1",103.9
"Agriculture, forestry and fishing","Ireland",2012,"Q2",113.31
"Agriculture, forestry and fishing","Ireland",2012,"Q3",110.22
"Agriculture, forestry and fishing","Ireland",2012,"Q4",107.63
"Agriculture, forestry and fishing","Ireland",2013,"Q1",106.83
"Agriculture, forestry and fishing","Ireland",2013,"Q2",112.9
"Agriculture, forestry and fishing","Ireland",2013,"Q3",112.32
"Agriculture, forestry and fishing","Ireland",2013,"Q4",115.58
"Agriculture, forestry and fishing","Ireland",2014,"Q1",109.55
"Agriculture, forestry and fishing","Ireland",2014,"Q2",108.85
"Agriculture, forestry and fishing","Ireland",2014,"Q3",109.34
"Agriculture, forestry and fishing","Ireland",2014,"Q4",104.93
"Agriculture, forestry and fishing","Ireland",2015,"Q1",107.16
"Agriculture, forestry and fishing","Ireland",2015,"Q2",112.12
"Agriculture, forestry and fishing","Ireland",2015,"Q3",112.41
"Agriculture, forestry and fishing","Ireland",2015,"Q4",105.92
"Agriculture, forestry and fishing","Ireland",2016,"Q1",107.8
"Agriculture, forestry and fishing","Ireland",2016,"Q2",115.52
"Agriculture, forestry and fishing","Ireland",2016,"Q3",116.07
"Agriculture, forestry and fishing","Ireland",2016,"Q4",110.33
"Agriculture, forestry and fishing","Ireland",2017,"Q1",108.33
"Agriculture, forestry and fishing","Ireland",2017,"Q2",112.43
"Agriculture, forestry and fishing","Ireland",2017,"Q3",111.9
"Agriculture, forestry and fishing","Ireland",2017,"Q4",112.5
"Agriculture, forestry and fishing","Ireland",2018,"Q1",114.24
"Agriculture, forestry and fishing","Ireland",2018,"Q2",107.65
"Agriculture, forestry and fishing","Ireland",2018,"Q3",105.86
"Agriculture, forestry and fishing","Ireland",2018,"Q4",105.39
"Agriculture, forestry and fishing","Ireland",2019,"Q1",104.93
"Agriculture, forestry and fishing","Ireland",2019,"Q2",102.09
"Agriculture, forestry and fishing","Ireland",2019,"Q3",100.81
"Agriculture, forestry and fishing","Ireland",2019,"Q4",108.59
"Agriculture, forestry and fishing","Ireland",2021,"Q1",108.75
"Agriculture, forestry and fishing","Ireland",2021,"Q2",110.15
"Agriculture, forestry and fishing","Ireland",2021,"Q3",109.59
"Agriculture, forestry and fishing","Ireland",2021,"Q4",109.92
"Agriculture, forestry and fishing","Ireland",2022,"Q1",106.47
"Agriculture, forestry and fishing","Ireland",2022,"Q2",108.64
"Agriculture, forestry and fishing","Ireland",2022,"Q3",97.57
"Agriculture, forestry and fishing","Ireland",2022,"Q4",103.96
"Agriculture, forestry and fishing","Ireland",2023,"Q1",102.27
"Agriculture, forestry and fishing","Ireland",2023,"Q2",101.98
"Agriculture, forestry and fishing","Ireland",2023,"Q3",115.18
"Agriculture, forestry and fishing","Ireland",2023,"Q4",113.12
"Agriculture, forestry and fishing","Ireland",2024,"Q1",108.97
"Agriculture, forestry and fishing","Ireland",2024,"Q2",105.29
"Agriculture, forestry and fishing","Ireland",2024,"Q3",112.97
"Agriculture, forestry and fishing","Italy",2010,"Q1",910.1
"Agriculture, forestry and fishing","Italy",2010,"Q2",942.8
"Agriculture, forestry and fishing","Italy",2010,"Q3",948.6
"Agriculture, forestry and fishing","Italy",2010,"Q4",966.9
"Agriculture, forestry and fishing","Italy",2011,"Q1",914.3
"Agriculture, forestry and fishing","Italy",2011,"Q2",924.3
"Agriculture, forestry and fishing","Italy",2011,"Q3",947.7
"Agriculture, forestry and fishing","Italy",2011,"Q4",913.6
"Agriculture, forestry and fishing","Italy",2012,"Q1",900.7
"Agriculture, forestry and fishing","Italy",2012,"Q2",950.7
"Agriculture, forestry and fishing","Italy",2012,"Q3",901.9
"Agriculture, forestry and fishing","Italy",2012,"Q4",896.4
"Agriculture, forestry and fishing","Italy",2013,"Q1",876.3
"Agriculture, forestry and fishing","Italy",2013,"Q2",892.2
"Agriculture, forestry and fishing","Italy",2013,"Q3",912.7
"Agriculture, forestry and fishing","Italy",2013,"Q4",898.8
"Agriculture, forestry and fishing","Italy",2014,"Q1",848.1
"Agriculture, forestry and fishing","Italy",2014,"Q2",896.3
"Agriculture, forestry and fishing","Italy",2014,"Q3",928.2
"Agriculture, forestry and fishing","Italy",2014,"Q4",940.5
"Agriculture, forestry and fishing","Italy",2015,"Q1",880.3
"Agriculture, forestry and fishing","Italy",2015,"Q2",900
"Agriculture, forestry and fishing","Italy",2015,"Q3",952.2
"Agriculture, forestry and fishing","Italy",2015,"Q4",953.6
"Agriculture, forestry and fishing","Italy",2016,"Q1",913.6
"Agriculture, forestry and fishing","Italy",2016,"Q2",943
"Agriculture, forestry and fishing","Italy",2016,"Q3",972.8
"Agriculture, forestry and fishing","Italy",2016,"Q4",978.6
"Agriculture, forestry and fishing","Italy",2017,"Q1",909
"Agriculture, forestry and fishing","Italy",2017,"Q2",953
"Agriculture, forestry and fishing","Italy",2017,"Q3",932
"Agriculture, forestry and fishing","Italy",2017,"Q4",969.7
"Agriculture, forestry and fishing","Italy",2018,"Q1",923.8
"Agriculture, forestry and fishing","Italy",2018,"Q2",995.5
"Agriculture, forestry and fishing","Italy",2018,"Q3",980.9
"Agriculture, forestry and fishing","Italy",2018,"Q4",957.6
"Agriculture, forestry and fishing","Italy",2019,"Q1",935.9
"Agriculture, forestry and fishing","Italy",2019,"Q2",946.9
"Agriculture, forestry and fishing","Italy",2019,"Q3",962.2
"Agriculture, forestry and fishing","Italy",2019,"Q4",992.4
"Agriculture, forestry and fishing","Italy",2021,"Q1",930.1
"Agriculture, forestry and fishing","Italy",2021,"Q2",957.4
"Agriculture, forestry and fishing","Italy",2021,"Q3",946.9
"Agriculture, forestry and fishing","Italy",2021,"Q4",916.9
"Agriculture, forestry and fishing","Italy",2022,"Q1",894.1
"Agriculture, forestry and fishing","Italy",2022,"Q2",970.3
"Agriculture, forestry and fishing","Italy",2022,"Q3",958
"Agriculture, forestry and fishing","Italy",2022,"Q4",951.5
"Agriculture, forestry and fishing","Italy",2023,"Q1",903.6
"Agriculture, forestry and fishing","Italy",2023,"Q2",945.4
"Agriculture, forestry and fishing","Italy",2023,"Q3",936.6
"Agriculture, forestry and fishing","Italy",2023,"Q4",933
"Agriculture, forestry and fishing","Italy",2024,"Q1",873.7
"Agriculture, forestry and fishing","Italy",2024,"Q2",904.5
"Agriculture, forestry and fishing","Italy",2024,"Q3",905.9
"Agriculture, forestry and fishing","Lithuania",2010,"Q1",105.76
"Agriculture, forestry and fishing","Lithuania",2010,"Q2",113.49
"Agriculture, forestry and fishing","Lithuania",2010,"Q3",115.91
"Agriculture, forestry and fishing","Lithuania",2010,"Q4",104.88
"Agriculture, forestry and fishing","Lithuania",2011,"Q1",100.37
"Agriculture, forestry and fishing","Lithuania",2011,"Q2",113.01
"Agriculture, forestry and fishing","Lithuania",2011,"Q3",110.81
"Agriculture, forestry and fishing","Lithuania",2011,"Q4",100.74
"Agriculture, forestry and fishing","Lithuania",2012,"Q1",99.77
"Agriculture, forestry and fishing","Lithuania",2012,"Q2",115.21
"Agriculture, forestry and fishing","Lithuania",2012,"Q3",122.55
"Agriculture, forestry and fishing","Lithuania",2012,"Q4",110.63
"Agriculture, forestry and fishing","Lithuania",2013,"Q1",103.87
"Agriculture, forestry and fishing","Lithuania",2013,"Q2",110.42
"Agriculture, forestry and fishing","Lithuania",2013,"Q3",109.98
"Agriculture, forestry and fishing","Lithuania",2013,"Q4",110.43
"Agriculture, forestry and fishing","Lithuania",2014,"Q1",123.5
"Agriculture, forestry and fishing","Lithuania",2014,"Q2",122.96
"Agriculture, forestry and fishing","Lithuania",2014,"Q3",118.96
"Agriculture, forestry and fishing","Lithuania",2014,"Q4",117.21
"Agriculture, forestry and fishing","Lithuania",2015,"Q1",126.24
"Agriculture, forestry and fishing","Lithuania",2015,"Q2",126.02
"Agriculture, forestry and fishing","Lithuania",2015,"Q3",121.9
"Agriculture, forestry and fishing","Lithuania",2015,"Q4",109.46
"Agriculture, forestry and fishing","Lithuania",2016,"Q1",110.4
"Agriculture, forestry and fishing","Lithuania",2016,"Q2",107.33
"Agriculture, forestry and fishing","Lithuania",2016,"Q3",109.68
"Agriculture, forestry and fishing","Lithuania",2016,"Q4",106.28
"Agriculture, forestry and fishing","Lithuania",2017,"Q1",103.44
"Agriculture, forestry and fishing","Lithuania",2017,"Q2",104.01
"Agriculture, forestry and fishing","Lithuania",2017,"Q3",107.22
"Agriculture, forestry and fishing","Lithuania",2017,"Q4",106.06
"Agriculture, forestry and fishing","Lithuania",2018,"Q1",102.82
"Agriculture, forestry and fishing","Lithuania",2018,"Q2",103.63
"Agriculture, forestry and fishing","Lithuania",2018,"Q3",90.12
"Agriculture, forestry and fishing","Lithuania",2018,"Q4",97.75
"Agriculture, forestry and fishing","Lithuania",2019,"Q1",101.01
"Agriculture, forestry and fishing","Lithuania",2019,"Q2",94.63
"Agriculture, forestry and fishing","Lithuania",2019,"Q3",83.9
"Agriculture, forestry and fishing","Lithuania",2019,"Q4",76.01
"Agriculture, forestry and fishing","Lithuania",2021,"Q1",77.07
"Agriculture, forestry and fishing","Lithuania",2021,"Q2",73.59
"Agriculture, forestry and fishing","Lithuania",2021,"Q3",74.92
"Agriculture, forestry and fishing","Lithuania",2021,"Q4",71.88
"Agriculture, forestry and fishing","Lithuania",2022,"Q1",75.41
"Agriculture, forestry and fishing","Lithuania",2022,"Q2",87.31
"Agriculture, forestry and fishing","Lithuania",2022,"Q3",81.08
"Agriculture, forestry and fishing","Lithuania",2022,"Q4",69.07
"Agriculture, forestry and fishing","Lithuania",2023,"Q1",64.21
"Agriculture, forestry and fishing","Lithuania",2023,"Q2",73.38
"Agriculture, forestry and fishing","Lithuania",2023,"Q3",81.08
"Agriculture, forestry and fishing","Lithuania",2023,"Q4",74.53
"Agriculture, forestry and fishing","Lithuania",2024,"Q1",62.9
"Agriculture, forestry and fishing","Lithuania",2024,"Q2",69.49
"Agriculture, forestry and fishing","Lithuania",2024,"Q3",78.09
"Agriculture, forestry and fishing","Luxembourg",2010,"Q1",3.87
"Agriculture, forestry and fishing","Luxembourg",2010,"Q2",3.95
"Agriculture, forestry and fishing","Luxembourg",2010,"Q3",3.95
"Agriculture, forestry and fishing","Luxembourg",2010,"Q4",3.93
"Agriculture, forestry and fishing","Luxembourg",2011,"Q1",3.85
"Agriculture, forestry and fishing","Luxembourg",2011,"Q2",3.95
"Agriculture, forestry and fishing","Luxembourg",2011,"Q3",3.93
"Agriculture, forestry and fishing","Luxembourg",2011,"Q4",3.93
"Agriculture, forestry and fishing","Luxembourg",2012,"Q1",3.9
"Agriculture, forestry and fishing","Luxembourg",2012,"Q2",3.91
"Agriculture, forestry and fishing","Luxembourg",2012,"Q3",3.9
"Agriculture, forestry and fishing","Luxembourg",2012,"Q4",3.89
"Agriculture, forestry and fishing","Luxembourg",2013,"Q1",3.72
"Agriculture, forestry and fishing","Luxembourg",2013,"Q2",3.79
"Agriculture, forestry and fishing","Luxembourg",2013,"Q3",3.77
"Agriculture, forestry and fishing","Luxembourg",2013,"Q4",3.75
"Agriculture, forestry and fishing","Luxembourg",2014,"Q1",3.7
"Agriculture, forestry and fishing","Luxembourg",2014,"Q2",3.74
"Agriculture, forestry and fishing","Luxembourg",2014,"Q3",3.75
"Agriculture, forestry and fishing","Luxembourg",2014,"Q4",3.74
"Agriculture, forestry and fishing","Luxembourg",2015,"Q1",3.69
"Agriculture, forestry and fishing","Luxembourg",2015,"Q2",3.74
"Agriculture, forestry and fishing","Luxembourg",2015,"Q3",3.73
"Agriculture, forestry and fishing","Luxembourg",2015,"Q4",3.74
"Agriculture, forestry and fishing","Luxembourg",2016,"Q1",3.68
"Agriculture, forestry and fishing","Luxembourg",2016,"Q2",3.73
"Agriculture, forestry and fishing","Luxembourg",2016,"Q3",3.77
"Agriculture, forestry and fishing","Luxembourg",2016,"Q4",3.73
"Agriculture, forestry and fishing","Luxembourg",2017,"Q1",3.66
"Agriculture, forestry and fishing","Luxembourg",2017,"Q2",3.72
"Agriculture, forestry and fishing","Luxembourg",2017,"Q3",3.71
"Agriculture, forestry and fishing","Luxembourg",2017,"Q4",3.71
"Agriculture, forestry and fishing","Luxembourg",2018,"Q1",3.64
"Agriculture, forestry and fishing","Luxembourg",2018,"Q2",3.68
"Agriculture, forestry and fishing","Luxembourg",2018,"Q3",3.71
"Agriculture, forestry and fishing","Luxembourg",2018,"Q4",3.69
"Agriculture, forestry and fishing","Luxembourg",2019,"Q1",3.63
"Agriculture, forestry and fishing","Luxembourg",2019,"Q2",3.67
"Agriculture, forestry and fishing","Luxembourg",2019,"Q3",3.66
"Agriculture, forestry and fishing","Luxembourg",2019,"Q4",3.64
"Agriculture, forestry and fishing","Luxembourg",2021,"Q1",3.59
"Agriculture, forestry and fishing","Luxembourg",2021,"Q2",3.66
"Agriculture, forestry and fishing","Luxembourg",2021,"Q3",3.69
"Agriculture, forestry and fishing","Luxembourg",2021,"Q4",3.72
"Agriculture, forestry and fishing","Luxembourg",2022,"Q1",3.67
"Agriculture, forestry and fishing","Luxembourg",2022,"Q2",3.73
"Agriculture, forestry and fishing","Luxembourg",2022,"Q3",3.74
"Agriculture, forestry and fishing","Luxembourg",2022,"Q4",3.73
"Agriculture, forestry and fishing","Luxembourg",2023,"Q1",3.68
"Agriculture, forestry and fishing","Luxembourg",2023,"Q2",3.7
"Agriculture, forestry and fishing","Luxembourg",2023,"Q3",3.69
"Agriculture, forestry and fishing","Luxembourg",2023,"Q4",3.69
"Agriculture, forestry and fishing","Luxembourg",2024,"Q1",3.66
"Agriculture, forestry and fishing","Luxembourg",2024,"Q2",3.75
"Agriculture, forestry and fishing","Luxembourg",2024,"Q3",3.62
"Agriculture, forestry and fishing","Latvia",2010,"Q1",64.96
"Agriculture, forestry and fishing","Latvia",2010,"Q2",65.67
"Agriculture, forestry and fishing","Latvia",2010,"Q3",66.87
"Agriculture, forestry and fishing","Latvia",2010,"Q4",67.16
"Agriculture, forestry and fishing","Latvia",2011,"Q1",67.91
"Agriculture, forestry and fishing","Latvia",2011,"Q2",70.25
"Agriculture, forestry and fishing","Latvia",2011,"Q3",70.1
"Agriculture, forestry and fishing","Latvia",2011,"Q4",66
"Agriculture, forestry and fishing","Latvia",2012,"Q1",66.98
"Agriculture, forestry and fishing","Latvia",2012,"Q2",69.79
"Agriculture, forestry and fishing","Latvia",2012,"Q3",70.66
"Agriculture, forestry and fishing","Latvia",2012,"Q4",64.44
"Agriculture, forestry and fishing","Latvia",2013,"Q1",64.38
"Agriculture, forestry and fishing","Latvia",2013,"Q2",64.45
"Agriculture, forestry and fishing","Latvia",2013,"Q3",76.19
"Agriculture, forestry and fishing","Latvia",2013,"Q4",66.04
"Agriculture, forestry and fishing","Latvia",2014,"Q1",61.85
"Agriculture, forestry and fishing","Latvia",2014,"Q2",62.34
"Agriculture, forestry and fishing","Latvia",2014,"Q3",68.21
"Agriculture, forestry and fishing","Latvia",2014,"Q4",68.27
"Agriculture, forestry and fishing","Latvia",2015,"Q1",61.75
"Agriculture, forestry and fishing","Latvia",2015,"Q2",66.08
"Agriculture, forestry and fishing","Latvia",2015,"Q3",75.56
"Agriculture, forestry and fishing","Latvia",2015,"Q4",75.98
"Agriculture, forestry and fishing","Latvia",2016,"Q1",65.07
"Agriculture, forestry and fishing","Latvia",2016,"Q2",73.85
"Agriculture, forestry and fishing","Latvia",2016,"Q3",70.48
"Agriculture, forestry and fishing","Latvia",2016,"Q4",60.37
"Agriculture, forestry and fishing","Latvia",2017,"Q1",63.91
"Agriculture, forestry and fishing","Latvia",2017,"Q2",67.44
"Agriculture, forestry and fishing","Latvia",2017,"Q3",69.31
"Agriculture, forestry and fishing","Latvia",2017,"Q4",59.94
"Agriculture, forestry and fishing","Latvia",2018,"Q1",64.15
"Agriculture, forestry and fishing","Latvia",2018,"Q2",67.22
"Agriculture, forestry and fishing","Latvia",2018,"Q3",70.04
"Agriculture, forestry and fishing","Latvia",2018,"Q4",59.06
"Agriculture, forestry and fishing","Latvia",2019,"Q1",64.87
"Agriculture, forestry and fishing","Latvia",2019,"Q2",65.41
"Agriculture, forestry and fishing","Latvia",2019,"Q3",67.38
"Agriculture, forestry and fishing","Latvia",2019,"Q4",56.6
"Agriculture, forestry and fishing","Latvia",2021,"Q1",70.81
"Agriculture, forestry and fishing","Latvia",2021,"Q2",76.21
"Agriculture, forestry and fishing","Latvia",2021,"Q3",74.21
"Agriculture, forestry and fishing","Latvia",2021,"Q4",63.96
"Agriculture, forestry and fishing","Latvia",2022,"Q1",67.18
"Agriculture, forestry and fishing","Latvia",2022,"Q2",73.43
"Agriculture, forestry and fishing","Latvia",2022,"Q3",76.61
"Agriculture, forestry and fishing","Latvia",2022,"Q4",62.78
"Agriculture, forestry and fishing","Latvia",2023,"Q1",67.8
"Agriculture, forestry and fishing","Latvia",2023,"Q2",76.79
"Agriculture, forestry and fishing","Latvia",2023,"Q3",78.72
"Agriculture, forestry and fishing","Latvia",2023,"Q4",61.87
"Agriculture, forestry and fishing","Latvia",2024,"Q1",67.86
"Agriculture, forestry and fishing","Latvia",2024,"Q2",76.8
"Agriculture, forestry and fishing","Latvia",2024,"Q3",76.64
"Agriculture, forestry and fishing","Malta",2010,"Q1",3.44
"Agriculture, forestry and fishing","Malta",2010,"Q2",3.45
"Agriculture, forestry and fishing","Malta",2010,"Q3",3.46
"Agriculture, forestry and fishing","Malta",2010,"Q4",3.46
"Agriculture, forestry and fishing","Malta",2011,"Q1",3.37
"Agriculture, forestry and fishing","Malta",2011,"Q2",3.38
"Agriculture, forestry and fishing","Malta",2011,"Q3",3.36
"Agriculture, forestry and fishing","Malta",2011,"Q4",3.41
"Agriculture, forestry and fishing","Malta",2012,"Q1",3.38
"Agriculture, forestry and fishing","Malta",2012,"Q2",3.4
"Agriculture, forestry and fishing","Malta",2012,"Q3",3.39
"Agriculture, forestry and fishing","Malta",2012,"Q4",3.4
"Agriculture, forestry and fishing","Malta",2013,"Q1",3.36
"Agriculture, forestry and fishing","Malta",2013,"Q2",3.37
"Agriculture, forestry and fishing","Malta",2013,"Q3",3.37
"Agriculture, forestry and fishing","Malta",2013,"Q4",3.31
"Agriculture, forestry and fishing","Malta",2014,"Q1",3.31
"Agriculture, forestry and fishing","Malta",2014,"Q2",3.43
"Agriculture, forestry and fishing","Malta",2014,"Q3",3.43
"Agriculture, forestry and fishing","Malta",2014,"Q4",3.4
"Agriculture, forestry and fishing","Malta",2015,"Q1",3.16
"Agriculture, forestry and fishing","Malta",2015,"Q2",3.19
"Agriculture, forestry and fishing","Malta",2015,"Q3",3.18
"Agriculture, forestry and fishing","Malta",2015,"Q4",3.16
"Agriculture, forestry and fishing","Malta",2016,"Q1",3.19
"Agriculture, forestry and fishing","Malta",2016,"Q2",3.21
"Agriculture, forestry and fishing","Malta",2016,"Q3",3.21
"Agriculture, forestry and fishing","Malta",2016,"Q4",3.22
"Agriculture, forestry and fishing","Malta",2017,"Q1",3.21
"Agriculture, forestry and fishing","Malta",2017,"Q2",3.23
"Agriculture, forestry and fishing","Malta",2017,"Q3",3.24
"Agriculture, forestry and fishing","Malta",2017,"Q4",3.24
"Agriculture, forestry and fishing","Malta",2018,"Q1",3.29
"Agriculture, forestry and fishing","Malta",2018,"Q2",3.32
"Agriculture, forestry and fishing","Malta",2018,"Q3",3.32
"Agriculture, forestry and fishing","Malta",2018,"Q4",3.35
"Agriculture, forestry and fishing","Malta",2019,"Q1",3.39
"Agriculture, forestry and fishing","Malta",2019,"Q2",3.42
"Agriculture, forestry and fishing","Malta",2019,"Q3",3.45
"Agriculture, forestry and fishing","Malta",2019,"Q4",3.47
"Agriculture, forestry and fishing","Malta",2021,"Q1",3.61
"Agriculture, forestry and fishing","Malta",2021,"Q2",3.66
"Agriculture, forestry and fishing","Malta",2021,"Q3",3.75
"Agriculture, forestry and fishing","Malta",2021,"Q4",3.75
"Agriculture, forestry and fishing","Malta",2022,"Q1",3.79
"Agriculture, forestry and fishing","Malta",2022,"Q2",3.79
"Agriculture, forestry and fishing","Malta",2022,"Q3",3.8
"Agriculture, forestry and fishing","Malta",2022,"Q4",3.84
"Agriculture, forestry and fishing","Malta",2023,"Q1",3.88
"Agriculture, forestry and fishing","Malta",2023,"Q2",3.94
"Agriculture, forestry and fishing","Malta",2023,"Q3",3.98
"Agriculture, forestry and fishing","Malta",2023,"Q4",3.97
"Agriculture, forestry and fishing","Malta",2024,"Q1",4
"Agriculture, forestry and fishing","Malta",2024,"Q2",4.08
"Agriculture, forestry and fishing","Malta",2024,"Q3",4.17
"Agriculture, forestry and fishing","Netherlands",2010,"Q1",199
"Agriculture, forestry and fishing","Netherlands",2010,"Q2",203
"Agriculture, forestry and fishing","Netherlands",2010,"Q3",214
"Agriculture, forestry and fishing","Netherlands",2010,"Q4",193
"Agriculture, forestry and fishing","Netherlands",2011,"Q1",192
"Agriculture, forestry and fishing","Netherlands",2011,"Q2",201
"Agriculture, forestry and fishing","Netherlands",2011,"Q3",216
"Agriculture, forestry and fishing","Netherlands",2011,"Q4",192
"Agriculture, forestry and fishing","Netherlands",2012,"Q1",196
"Agriculture, forestry and fishing","Netherlands",2012,"Q2",204
"Agriculture, forestry and fishing","Netherlands",2012,"Q3",206
"Agriculture, forestry and fishing","Netherlands",2012,"Q4",185
"Agriculture, forestry and fishing","Netherlands",2013,"Q1",184
"Agriculture, forestry and fishing","Netherlands",2013,"Q2",190
"Agriculture, forestry and fishing","Netherlands",2013,"Q3",210
"Agriculture, forestry and fishing","Netherlands",2013,"Q4",194
"Agriculture, forestry and fishing","Netherlands",2014,"Q1",178
"Agriculture, forestry and fishing","Netherlands",2014,"Q2",195
"Agriculture, forestry and fishing","Netherlands",2014,"Q3",207
"Agriculture, forestry and fishing","Netherlands",2014,"Q4",197
"Agriculture, forestry and fishing","Netherlands",2015,"Q1",183
"Agriculture, forestry and fishing","Netherlands",2015,"Q2",194
"Agriculture, forestry and fishing","Netherlands",2015,"Q3",208
"Agriculture, forestry and fishing","Netherlands",2015,"Q4",186
"Agriculture, forestry and fishing","Netherlands",2016,"Q1",186
"Agriculture, forestry and fishing","Netherlands",2016,"Q2",197
"Agriculture, forestry and fishing","Netherlands",2016,"Q3",203
"Agriculture, forestry and fishing","Netherlands",2016,"Q4",194
"Agriculture, forestry and fishing","Netherlands",2017,"Q1",190
"Agriculture, forestry and fishing","Netherlands",2017,"Q2",198
"Agriculture, forestry and fishing","Netherlands",2017,"Q3",211
"Agriculture, forestry and fishing","Netherlands",2017,"Q4",189
"Agriculture, forestry and fishing","Netherlands",2018,"Q1",193
"Agriculture, forestry and fishing","Netherlands",2018,"Q2",199
"Agriculture, forestry and fishing","Netherlands",2018,"Q3",211
"Agriculture, forestry and fishing","Netherlands",2018,"Q4",191
"Agriculture, forestry and fishing","Netherlands",2019,"Q1",189
"Agriculture, forestry and fishing","Netherlands",2019,"Q2",200
"Agriculture, forestry and fishing","Netherlands",2019,"Q3",212
"Agriculture, forestry and fishing","Netherlands",2019,"Q4",196
"Agriculture, forestry and fishing","Netherlands",2021,"Q1",203
"Agriculture, forestry and fishing","Netherlands",2021,"Q2",209
"Agriculture, forestry and fishing","Netherlands",2021,"Q3",205
"Agriculture, forestry and fishing","Netherlands",2021,"Q4",188
"Agriculture, forestry and fishing","Netherlands",2022,"Q1",201
"Agriculture, forestry and fishing","Netherlands",2022,"Q2",198
"Agriculture, forestry and fishing","Netherlands",2022,"Q3",205
"Agriculture, forestry and fishing","Netherlands",2022,"Q4",199
"Agriculture, forestry and fishing","Netherlands",2023,"Q1",194
"Agriculture, forestry and fishing","Netherlands",2023,"Q2",198
"Agriculture, forestry and fishing","Netherlands",2023,"Q3",201
"Agriculture, forestry and fishing","Netherlands",2023,"Q4",197
"Agriculture, forestry and fishing","Netherlands",2024,"Q1",183
"Agriculture, forestry and fishing","Netherlands",2024,"Q2",189
"Agriculture, forestry and fishing","Netherlands",2024,"Q3",193
"Agriculture, forestry and fishing","Portugal",2010,"Q1",561.28
"Agriculture, forestry and fishing","Portugal",2010,"Q2",546.72
"Agriculture, forestry and fishing","Portugal",2010,"Q3",539.19
"Agriculture, forestry and fishing","Portugal",2010,"Q4",525.54
"Agriculture, forestry and fishing","Portugal",2011,"Q1",526.04
"Agriculture, forestry and fishing","Portugal",2011,"Q2",526.21
"Agriculture, forestry and fishing","Portugal",2011,"Q3",518.14
"Agriculture, forestry and fishing","Portugal",2011,"Q4",479.03
"Agriculture, forestry and fishing","Portugal",2012,"Q1",506.78
"Agriculture, forestry and fishing","Portugal",2012,"Q2",534.45
"Agriculture, forestry and fishing","Portugal",2012,"Q3",514.27
"Agriculture, forestry and fishing","Portugal",2012,"Q4",472.87
"Agriculture, forestry and fishing","Portugal",2013,"Q1",453
"Agriculture, forestry and fishing","Portugal",2013,"Q2",492
"Agriculture, forestry and fishing","Portugal",2013,"Q3",482.52
"Agriculture, forestry and fishing","Portugal",2013,"Q4",448.59
"Agriculture, forestry and fishing","Portugal",2014,"Q1",432.28
"Agriculture, forestry and fishing","Portugal",2014,"Q2",453.9
"Agriculture, forestry and fishing","Portugal",2014,"Q3",458.69
"Agriculture, forestry and fishing","Portugal",2014,"Q4",406.6
"Agriculture, forestry and fishing","Portugal",2015,"Q1",404.16
"Agriculture, forestry and fishing","Portugal",2015,"Q2",436.35
"Agriculture, forestry and fishing","Portugal",2015,"Q3",404.21
"Agriculture, forestry and fishing","Portugal",2015,"Q4",387.59
"Agriculture, forestry and fishing","Portugal",2016,"Q1",361.9
"Agriculture, forestry and fishing","Portugal",2016,"Q2",393.86
"Agriculture, forestry and fishing","Portugal",2016,"Q3",395.58
"Agriculture, forestry and fishing","Portugal",2016,"Q4",379.74
"Agriculture, forestry and fishing","Portugal",2017,"Q1",360.88
"Agriculture, forestry and fishing","Portugal",2017,"Q2",400.37
"Agriculture, forestry and fishing","Portugal",2017,"Q3",376.65
"Agriculture, forestry and fishing","Portugal",2017,"Q4",348.23
"Agriculture, forestry and fishing","Portugal",2018,"Q1",347.64
"Agriculture, forestry and fishing","Portugal",2018,"Q2",370.35
"Agriculture, forestry and fishing","Portugal",2018,"Q3",362.39
"Agriculture, forestry and fishing","Portugal",2018,"Q4",344.4
"Agriculture, forestry and fishing","Portugal",2019,"Q1",339.56
"Agriculture, forestry and fishing","Portugal",2019,"Q2",329.89
"Agriculture, forestry and fishing","Portugal",2019,"Q3",328.59
"Agriculture, forestry and fishing","Portugal",2019,"Q4",301.21
"Agriculture, forestry and fishing","Portugal",2021,"Q1",284.61
"Agriculture, forestry and fishing","Portugal",2021,"Q2",323.77
"Agriculture, forestry and fishing","Portugal",2021,"Q3",332.98
"Agriculture, forestry and fishing","Portugal",2021,"Q4",302.77
"Agriculture, forestry and fishing","Portugal",2022,"Q1",317.34
"Agriculture, forestry and fishing","Portugal",2022,"Q2",322.02
"Agriculture, forestry and fishing","Portugal",2022,"Q3",293.47
"Agriculture, forestry and fishing","Portugal",2022,"Q4",269.93
"Agriculture, forestry and fishing","Portugal",2023,"Q1",259.1
"Agriculture, forestry and fishing","Portugal",2023,"Q2",264.1
"Agriculture, forestry and fishing","Portugal",2023,"Q3",253.41
"Agriculture, forestry and fishing","Portugal",2023,"Q4",250.66
"Agriculture, forestry and fishing","Portugal",2024,"Q1",274.29
"Agriculture, forestry and fishing","Portugal",2024,"Q2",271.56
"Agriculture, forestry and fishing","Portugal",2024,"Q3",275.97
"Agriculture, forestry and fishing","Slovenia",2010,"Q1",80.52
"Agriculture, forestry and fishing","Slovenia",2010,"Q2",80.3
"Agriculture, forestry and fishing","Slovenia",2010,"Q3",79.94
"Agriculture, forestry and fishing","Slovenia",2010,"Q4",79.27
"Agriculture, forestry and fishing","Slovenia",2011,"Q1",78.46
"Agriculture, forestry and fishing","Slovenia",2011,"Q2",78.16
"Agriculture, forestry and fishing","Slovenia",2011,"Q3",77.89
"Agriculture, forestry and fishing","Slovenia",2011,"Q4",77.67
"Agriculture, forestry and fishing","Slovenia",2012,"Q1",77.46
"Agriculture, forestry and fishing","Slovenia",2012,"Q2",77.44
"Agriculture, forestry and fishing","Slovenia",2012,"Q3",77.21
"Agriculture, forestry and fishing","Slovenia",2012,"Q4",77.01
"Agriculture, forestry and fishing","Slovenia",2013,"Q1",77.26
"Agriculture, forestry and fishing","Slovenia",2013,"Q2",77.3
"Agriculture, forestry and fishing","Slovenia",2013,"Q3",77.26
"Agriculture, forestry and fishing","Slovenia",2013,"Q4",77.17
"Agriculture, forestry and fishing","Slovenia",2014,"Q1",75.89
"Agriculture, forestry and fishing","Slovenia",2014,"Q2",76.04
"Agriculture, forestry and fishing","Slovenia",2014,"Q3",75.98
"Agriculture, forestry and fishing","Slovenia",2014,"Q4",75.79
"Agriculture, forestry and fishing","Slovenia",2015,"Q1",75.42
"Agriculture, forestry and fishing","Slovenia",2015,"Q2",75.41
"Agriculture, forestry and fishing","Slovenia",2015,"Q3",75.2
"Agriculture, forestry and fishing","Slovenia",2015,"Q4",74.91
"Agriculture, forestry and fishing","Slovenia",2016,"Q1",74.43
"Agriculture, forestry and fishing","Slovenia",2016,"Q2",74.41
"Agriculture, forestry and fishing","Slovenia",2016,"Q3",74.22
"Agriculture, forestry and fishing","Slovenia",2016,"Q4",73.97
"Agriculture, forestry and fishing","Slovenia",2017,"Q1",73.58
"Agriculture, forestry and fishing","Slovenia",2017,"Q2",73.66
"Agriculture, forestry and fishing","Slovenia",2017,"Q3",73.49
"Agriculture, forestry and fishing","Slovenia",2017,"Q4",73.18
"Agriculture, forestry and fishing","Slovenia",2018,"Q1",73.06
"Agriculture, forestry and fishing","Slovenia",2018,"Q2",73.2
"Agriculture, forestry and fishing","Slovenia",2018,"Q3",73.23
"Agriculture, forestry and fishing","Slovenia",2018,"Q4",73.21
"Agriculture, forestry and fishing","Slovenia",2019,"Q1",73.11
"Agriculture, forestry and fishing","Slovenia",2019,"Q2",73.12
"Agriculture, forestry and fishing","Slovenia",2019,"Q3",72.72
"Agriculture, forestry and fishing","Slovenia",2019,"Q4",72.07
"Agriculture, forestry and fishing","Slovenia",2021,"Q1",69.68
"Agriculture, forestry and fishing","Slovenia",2021,"Q2",69.78
"Agriculture, forestry and fishing","Slovenia",2021,"Q3",69.75
"Agriculture, forestry and fishing","Slovenia",2021,"Q4",69.67
"Agriculture, forestry and fishing","Slovenia",2022,"Q1",69.29
"Agriculture, forestry and fishing","Slovenia",2022,"Q2",69.3
"Agriculture, forestry and fishing","Slovenia",2022,"Q3",69.24
"Agriculture, forestry and fishing","Slovenia",2022,"Q4",69.04
"Agriculture, forestry and fishing","Slovenia",2023,"Q1",68.73
"Agriculture, forestry and fishing","Slovenia",2023,"Q2",68.69
"Agriculture, forestry and fishing","Slovenia",2023,"Q3",68.46
"Agriculture, forestry and fishing","Slovenia",2023,"Q4",68.13
"Agriculture, forestry and fishing","Slovenia",2024,"Q1",67.84
"Agriculture, forestry and fishing","Slovenia",2024,"Q2",67.71
"Agriculture, forestry and fishing","Slovenia",2024,"Q3",67.44
"Agriculture, forestry and fishing","Slovakia",2010,"Q1",73.93
"Agriculture, forestry and fishing","Slovakia",2010,"Q2",73.58
"Agriculture, forestry and fishing","Slovakia",2010,"Q3",75.34
"Agriculture, forestry and fishing","Slovakia",2010,"Q4",72.1
"Agriculture, forestry and fishing","Slovakia",2011,"Q1",78.33
"Agriculture, forestry and fishing","Slovakia",2011,"Q2",73.74
"Agriculture, forestry and fishing","Slovakia",2011,"Q3",72.99
"Agriculture, forestry and fishing","Slovakia",2011,"Q4",69.36
"Agriculture, forestry and fishing","Slovakia",2012,"Q1",71.97
"Agriculture, forestry and fishing","Slovakia",2012,"Q2",72.65
"Agriculture, forestry and fishing","Slovakia",2012,"Q3",72.69
"Agriculture, forestry and fishing","Slovakia",2012,"Q4",67.19
"Agriculture, forestry and fishing","Slovakia",2013,"Q1",74.8
"Agriculture, forestry and fishing","Slovakia",2013,"Q2",74.03
"Agriculture, forestry and fishing","Slovakia",2013,"Q3",79.76
"Agriculture, forestry and fishing","Slovakia",2013,"Q4",68.99
"Agriculture, forestry and fishing","Slovakia",2014,"Q1",73.52
"Agriculture, forestry and fishing","Slovakia",2014,"Q2",72.07
"Agriculture, forestry and fishing","Slovakia",2014,"Q3",73.35
"Agriculture, forestry and fishing","Slovakia",2014,"Q4",71.32
"Agriculture, forestry and fishing","Slovakia",2015,"Q1",74.34
"Agriculture, forestry and fishing","Slovakia",2015,"Q2",72.11
"Agriculture, forestry and fishing","Slovakia",2015,"Q3",74.41
"Agriculture, forestry and fishing","Slovakia",2015,"Q4",73.17
"Agriculture, forestry and fishing","Slovakia",2016,"Q1",72.69
"Agriculture, forestry and fishing","Slovakia",2016,"Q2",72.09
"Agriculture, forestry and fishing","Slovakia",2016,"Q3",73.67
"Agriculture, forestry and fishing","Slovakia",2016,"Q4",71.53
"Agriculture, forestry and fishing","Slovakia",2017,"Q1",73.84
"Agriculture, forestry and fishing","Slovakia",2017,"Q2",70.63
"Agriculture, forestry and fishing","Slovakia",2017,"Q3",73.35
"Agriculture, forestry and fishing","Slovakia",2017,"Q4",71.32
"Agriculture, forestry and fishing","Slovakia",2018,"Q1",73.23
"Agriculture, forestry and fishing","Slovakia",2018,"Q2",70.84
"Agriculture, forestry and fishing","Slovakia",2018,"Q3",73.1
"Agriculture, forestry and fishing","Slovakia",2018,"Q4",71.1
"Agriculture, forestry and fishing","Slovakia",2019,"Q1",73.17
"Agriculture, forestry and fishing","Slovakia",2019,"Q2",71.64
"Agriculture, forestry and fishing","Slovakia",2019,"Q3",73.16
"Agriculture, forestry and fishing","Slovakia",2019,"Q4",71.24
"Agriculture, forestry and fishing","Slovakia",2021,"Q1",71.26
"Agriculture, forestry and fishing","Slovakia",2021,"Q2",68.55
"Agriculture, forestry and fishing","Slovakia",2021,"Q3",68.33
"Agriculture, forestry and fishing","Slovakia",2021,"Q4",65.42
"Agriculture, forestry and fishing","Slovakia",2022,"Q1",71.6
"Agriculture, forestry and fishing","Slovakia",2022,"Q2",69.55
"Agriculture, forestry and fishing","Slovakia",2022,"Q3",69.15
"Agriculture, forestry and fishing","Slovakia",2022,"Q4",68.37
"Agriculture, forestry and fishing","Slovakia",2023,"Q1",72.04
"Agriculture, forestry and fishing","Slovakia",2023,"Q2",69.1
"Agriculture, forestry and fishing","Slovakia",2023,"Q3",68.9
"Agriculture, forestry and fishing","Slovakia",2023,"Q4",66.86
"Agriculture, forestry and fishing","Slovakia",2024,"Q1",73.21
"Agriculture, forestry and fishing","Slovakia",2024,"Q2",67.79
"Agriculture, forestry and fishing","Slovakia",2024,"Q3",67.69
