"Time","Euroarea","Austria","Belgium","Croazia","Cipro","Estonia","Finlandia","Francia","Germania","Grecia","Irlanda","Italia","Latvia","Lituania","Lussemburgo","Malta","Netherlands","Portogallo","Slovacchia","Slovenia","Spagna"
"1996-01",NA,NA,NA,NA,NA,NA,NA,NA,"0,5","7,8","2,3",NA,NA,"31,5",NA,NA,NA,NA,NA,NA,"3,8"
"1996-02",NA,NA,NA,NA,NA,NA,NA,NA,"0,7","8,1","2,2",NA,NA,"29,3",NA,NA,NA,NA,NA,NA,"3,6"
"1996-03",NA,NA,NA,NA,NA,NA,NA,NA,"0,8","8,6","2,4",NA,NA,"30,5",NA,NA,NA,NA,NA,NA,"3,3"
"1996-04",NA,NA,NA,NA,NA,NA,NA,NA,"0,5","8,5","1,9",NA,NA,"30,5",NA,NA,NA,NA,NA,NA,"3,4"
"1996-05",NA,NA,NA,NA,NA,NA,NA,NA,"0,7","8,3","1,9",NA,NA,"28,2",NA,NA,NA,NA,NA,NA,"3,8"
"1996-06",NA,NA,NA,NA,NA,NA,NA,NA,"0,5","7,9","2,1",NA,NA,"27,8",NA,NA,NA,NA,NA,NA,"3,6"
"1996-07",NA,NA,NA,NA,NA,NA,NA,NA,"0,7","8","1,9",NA,NA,"24,7",NA,NA,NA,NA,NA,NA,"3,7"
"1996-08",NA,NA,NA,NA,NA,NA,NA,NA,"0,5","7,7","1,9",NA,NA,"24,4",NA,NA,NA,NA,NA,NA,"3,7"
"1996-09",NA,NA,NA,NA,NA,NA,NA,NA,"0,7","7,7","2,3",NA,NA,"23",NA,NA,NA,NA,NA,NA,"3,6"
"1996-10",NA,NA,NA,NA,NA,NA,NA,NA,"0,8","7,7","2,2",NA,NA,"19,8",NA,NA,NA,NA,NA,NA,"3,6"
"1996-11",NA,NA,NA,NA,NA,NA,NA,NA,"0,7","7,3","2,2",NA,NA,"16,7",NA,NA,NA,NA,NA,NA,"3,3"
"1996-12",NA,NA,NA,NA,NA,NA,NA,NA,"0,7","6,9","2,5",NA,NA,"14,9",NA,NA,NA,NA,NA,NA,"3,3"
"1997-01","2","1,2","2,1","2,1",NA,"10,9","0,9","1,8","1,9","6,7","1,8","2,7","11,2","15,4","1,3","4,2","1,7","2,8","5,7",NA,"2,8"
"1997-02","1,8","1,4","1,9","1,9",NA,"8,1","0,6","1,7","1,6","6,4","1,7","2,4","9,8","13,4","1,5","4,2","1,4","2,4","6",NA,"2,5"
"1997-03","1,6","1,2","1,3","1,3",NA,"7,3","0,7","1,1","1,3","5,9","1,3","2,2","8,5","10,7","1,3","4","1,2","2,3","6,3",NA,"2,2"
"1997-04","1,3","1,2","1,1","1,1",NA,"7","0,9","1","1,2","5,7","1,6","1,9","8,6","9,4","1,1","3,3","1","1,6","6,4",NA,"1,6"
"1997-05","1,4","1,3","1,4","1,4",NA,"8,5","0,9","0,9","1,5","5,4","1,5","1,9","8,9","9,7","1,1","3,4","1,6","1,9","5,9",NA,"1,3"
"1997-06","1,4","1","1,6","1,6",NA,"8,5","1,1","1","1,5","5,6","1,4","1,6","7,5","8,9","1,2","3,8","1,5","1,6","6,1",NA,"1,4"
"1997-07","1,5","0,9","1,9","1,9",NA,"8,7","1,1","1,1","1,6","5,3","1,6","1,7","6,9","10,1","1,3","4,1","1,9","1,4","5,9",NA,"1,5"
"1997-08","1,7","1,3","1,7","1,7",NA,"10,2","1,7","1,6","1,7","5,6","0,7","1,6","8","10,3","1,4","3,9","2,5","1,6","6,4",NA,"1,7"
"1997-09","1,6","1,2","1,6","1,6",NA,"10,2","1,6","1,4","1,4","4,9","0,6","1,6","7,5","9,5","1,7","3,7","2,5","1,5","5,5",NA,"1,9"
"1997-10","1,5","1,1","1,2","1,2",NA,"10,6","1,7","1,1","1,5","4,6","0,9","1,9","7,1","9,4","1,7","3,8","2,3","1,6","5,7",NA,"1,8"
"1997-11","1,6","1,1","1,3","1,3",NA,"10,8","1,8","1,4","1,6","5","1","1,7","6,9","9,2","1,5","4","2,5","1,9","6",NA,"1,9"
"1997-12","1,5","1","0,9","0,9",NA,"11","1,6","1,2","1,4","4,5","1","1,7","6,4","8,5","1,5","4,6","2,2","2,1","6,2",NA,"1,9"
"1998-01","1,1","1,2","0,5","0,5",NA,"11,5","1,8","0,6","0,7","4,3","1,3","1,9","5,7","6,5","1,5","4","1,6","1,6","7,1",NA,"1,9"
"1998-02","1,1","1","0,8","0,8",NA,"11,9","1,7","0,7","0,5","4,1","1","2","5,4","6,3","1,1","3,7","2,1","1,3","7,4",NA,"1,7"
"1998-03","1,1","1","1","1",NA,"11,9","1,6","0,8","0,5","4,3","1,6","2","5,3","6,7","1,3","3,5","2,2","1,5","7,1",NA,"1,7"
"1998-04","1,4","1,2","1,3","1,3",NA,"10,8","1,7","1","0,9","5,1","2","2,2","5,3","6,9","1,1","4,2","2,5","2,2","7,1",NA,"1,9"
"1998-05","1,3","1","1,3","1,3",NA,"9,1","1,6","0,9","0,9","5","2,3","1,9","4,7","6,9","1,3","4,3","2,1","2,2","7,7",NA,"2"
"1998-06","1,3","0,8","1,2","1,2",NA,"8,7","1,6","1,1","0,8","4,9","2,6","2","5,1","6","1,2","3,9","2,2","2,7","7,5",NA,"2"
"1998-07","1,3","0,8","1,2","1,2",NA,"8,8","1,1","0,8","0,8","4,8","2,4","2","4,5","5,2","1,2","3,9","1,8","2,8","7",NA,"2,3"
"1998-08","1,1","0,7","1","1",NA,"8,2","1,1","0,7","0,6","4,7","2,9","2,1","3,7","4,5","1","3,7","1,4","2,2","5,6",NA,"2,1"
"1998-09","1","0,6","0,8","0,8",NA,"7,5","1,4","0,5","0,5","5","2,7","2,1","3,6","4,3","0,7","3,5","1,3","2,2","5,9",NA,"1,5"
"1998-10","0,9","0,7","0,7","0,7",NA,"6,7","1,1","0,5","0,4","4,5","2,6","1,9","2,9","4,7","0,5","3,3","1,5","2,5","6,3",NA,"1,5"
"1998-11","0,8","0,5","0,6","0,6",NA,"5,8","0,9","0,2","0,4","3,9","2,3","1,7","2,7","3,5","0,5","3,3","1,5","2,6","6,1",NA,"1,4"
"1998-12","0,8","0,5","0,7","0,7",NA,"5,1","0,8","0,3","0,1","3,7","2,1","1,6","2,7","3,1","0,4","2,9","1,5","2,8","5,7",NA,"1,3"
"1999-01","0,8","0,3","1","1","4,1","4,5","0,5","0,3","0,3","3,3","2","1,4","2,3","3,1","-1,4","2,4","2,1","2,5","6,8",NA,"1,4"
"1999-02","0,7","0,2","1","1","4","3,7","0,9","0,3","0,1","3,1","2,3","1,4","2,3","2,8","0,6","2,5","2","2,7","6,8",NA,"1,8"
"1999-03","0,9","0,2","1,3","1,3","3,8","3,4","0,9","0,4","0,5","3","2","1,4","2","2,2","0,6","2,4","2","2,8","6,9",NA,"2,1"
"1999-04","1,1","0,1","1,1","1,1","3,5","3,1","1,3","0,5","0,8","2,6","2","1,3","1,2","1,8","1,3","1,6","1,9","2,7","7",NA,"2,3"
"1999-05","0,9","0,4","0,8","0,8","3,5","3,1","1,4","0,4","0,4","2","2,4","1,5","1,7","1,1","1,3","1,5","2,1","2,1","6,5",NA,"2,1"
"1999-06","0,9","0,2","0,7","0,7","3,4","2,9","1,2","0,3","0,4","1,5","2,1","1,4","1,7","1,8","1,2","1,6","2,1","2,1","6,9",NA,"2,1"
"1999-07","1","0,3","0,7","0,7","4,2","2,4","1,4","0,4","0,5","1,6","2","1,7","1,6","0,8","-0,3","1,7","1,8","1,9","13,6",NA,"2,1"
"1999-08","1,1","0,5","0,9","0,9","4,1","2,3","1,3","0,5","0,6","1,4","2,5","1,5","1,8","1","1,4","1,9","2,5","1,8","14,4",NA,"2,3"
"1999-09","1,2","0,6","1,3","1,3","3,9","2,5","1,4","0,6","0,8","1,3","2,6","1,8","2,1","1,9","1,6","1,9","2","1,9","14,6",NA,"2,5"
"1999-10","1,3","0,8","1,4","1,4","4","2,6","1,6","0,8","0,9","1,7","2,8","2","2,6","0,3","1,9","2","1,8","1,8","13,9",NA,"2,4"
"1999-11","1,5","1","1,6","1,6","3,1","3","1,9","0,9","1","2","2,9","2","3","0,2","1,8","3,8","2","1,9","13,8",NA,"2,7"
"1999-12","1,7","1,7","2,1","2,1","3,4","3,7","2,2","1,3","1,4","2,3","3,9","2,2","3","0,4","2,3","4,3","1,9","1,7","14,1",NA,"2,8"
"2000-01","1,9","1,4","0,3","0,3","3,1","3,1","2,3","1,7","1,7","2,3","4,5","2,2","3,1","0,9","3,5","3,4","1,6","1,9","13,7",NA,"2,9"
"2000-02","1,9","1,9","2,1","2,1","3,2","2,9","2,7","1,4","1,7","2,6","4,6","2,4","3,4","0,9","2,6","3,3","1,5","1,6","16,7",NA,"3"
"2000-03","2","1,9","2,5","2,5","3,5","3,1","3,2","1,6","1,4","2,8","5","2,5","3,2","1","3","3,4","1,6","1,4","16,8",NA,"3"
"2000-04","1,7","1,8","2,3","2,3","3,9","3","2,5","1,3","1","2,1","5,1","2,4","3,7","0,9","3,2","3,4","1,7","1,9","16,2",NA,"3"
"2000-05","1,8","1,6","2,4","2,4","3,4","2,8","2,7","1,5","0,8","2,6","5,1","2,5","3","0,5","2,9","3,6","2","2,4","16,3",NA,"3,2"
"2000-06","2,1","2,4","3","3","4,5","3,1","3,1","1,8","1,4","2,2","5,4","2,8","2,4","1,3","4,4","3,3","2,5","2,8","15,7",NA,"3,5"
"2000-07","2,1","1,9","1,7","1,7","4,6","4","2,9","1,9","1,3","2,6","5,9","2,8","2,8","1,4","4,7","3,3","2,8","3,3","9,3",NA,"3,7"
"2000-08","2","1,9","3,5","3,5","4,8","4,4","2,9","2","1","2,9","5,7","2,8","2,5","1","3,7","3,2","2,5","3,6","8,8",NA,"3,6"
"2000-09","2,4","2,3","4","4","5,2","4,7","3,4","2,3","1,5","3","5,5","2,8","2,2","0,5","4,2","3,2","2,9","3,6","8,8",NA,"3,7"
"2000-10","2,4","2,2","3,7","3,7","5,3","5,4","3,4","2,1","1,5","3,8","5,9","2,7","2","1,3","4,3","3,4","3,2","3,7","8,7",NA,"4"
"2000-11","2,5","2,3","3,7","3,7","6,1","5,7","3,3","2,3","1,4","4","5,9","2,9","1,6","1,7","4,5","1,9","2,9","3,6","8,6",NA,"4,1"
"2000-12","2,5","1,8","3","3","5,9","5","2,9","1,8","2,2","3,7","4,7","2,7","1,7","1,7","4,3","1","2,9","3,8","8,4",NA,"4"
"2001-01","2","2,3","2,7","2,7","5,4","5,6","2,9","1,3","1,3","3,2","3,9","2,5","1,3","-0,1","2,9","1","4,6","4,4","7,5",NA,"2,9"
"2001-02","2","1,8","2,5","2,5","5,4","6","2,7","1,5","1,8","3,4","4","1,5","0,7","0","3","1,1","5","4,8","6,3",NA,"2,7"
"2001-03","2,2","1,9","2,2","2,2","4,5","5,7","2,5","1,5","1,8","3,2","4,1","2,2","1,4","0,8","3","1,6","5","5,1","6,6",NA,"3"
"2001-04","2,7","2,6","2,9","2,9","5,6","6,3","2,9","2","2,2","3,7","4,2","3","1,4","1","2,7","2,2","5,4","4,6","7,1",NA,"3,6"
"2001-05","3,1","2,9","3,2","3,2","6,1","6,8","3,3","2,4","2,9","3,9","4,2","2,8","2,7","2","3,8","2,2","5,5","4,9","7,3",NA,"3,8"
"2001-06","2,9","2,6","3","3","4,8","6,7","3","2,2","2,4","4,5","4,3","2,8","3,2","2","2,7","2,7","5,1","4,6","7,5",NA,"3,7"
"2001-07","2,5","2,8","2,7","2,7","3,4","5,9","2,6","2,2","2,1","4,2","4","2,3","3,2","1,5","2,4","3","5,3","4,3","8",NA,"2,4"
"2001-08","2,3","2,4","2,5","2,5","4,2","5,8","2,7","2","2,2","4","3,7","2","3,1","2,7","2,5","3,2","5,2","4","7,7",NA,"2,1"
"2001-09","2,2","2,4","1,9","1,9","3,8","5,7","2,6","1,6","1,8","4","3,8","2","3,7","2,3","1,9","3,2","5,3","4,1","7,3",NA,"2,3"
"2001-10","2,2","2,3","2","2","3,1","4,8","2,4","1,8","1,6","3,2","3,8","2,3","3,3","2,4","1,6","2,8","5","4,2","6,9",NA,"2,5"
"2001-11","2","1,9","1,8","1,8","2,6","4,2","2,2","1,3","1,4","2,9","3,6","2,3","3,1","2","1,4","3,3","4,8","4,1","6,8",NA,"2,5"
"2001-12","2,1","1,8","1,9","1,9","2,4","4,2","2,3","1,5","1,4","3,5","4,3","2,3","3,2","2","0,9","3,6","5,1","3,9","6,7",NA,"2,5"
"2002-01","2,6","1,9","2,6","2,6","3,3","4,3","2,9","2,4","2","4,8","5,3","2,3","3,5","3,2","2,2","4,2","4,9","3,7","6,5","8,4","3,1"
"2002-02","2,5","1,7","2,5","2,5","2,8","4,5","2,5","2,2","1,8","3,8","5","2,5","3,3","2,8","2,2","3,3","4,5","3,3","4,4","8","3,2"
"2002-03","2,5","1,7","2,5","2,5","3,3","4,4","2,6","2,2","1,9","4,3","5,1","2,5","3,2","1,7","1,7","3,1","4,4","3,4","3,8","7,6","3,2"
"2002-04","2,4","1,7","1,7","1,7","2,1","4,5","2,5","2,1","1,5","4,1","5,2","2,5","2,9","1,4","1,9","2,7","4,2","3,6","3,7","8,4","3,7"
"2002-05","2,1","1,6","1,3","1,3","1,9","4,1","1,8","1,6","1,1","3,8","5","2,5","2,1","0,5","1,3","2,4","3,8","3,4","3,3","7,6","3,7"
"2002-06","1,9","1,5","0,8","0,8","2","3,8","1,5","1,4","0,9","3,6","4,5","2,4","1","-0,4","1,2","2,2","3,8","3,5","2,8","6,9","3,4"
"2002-07","2","1,5","1,2","1,2","2,7","3,3","2","1,6","1,1","3,6","4,1","2,5","1","0,1","1,9","2,2","3,7","3,5","2,2","7,5","3,5"
"2002-08","2,1","2","1,2","1,2","1,8","2,7","1,8","1,8","1,1","3,8","4,5","2,5","0,9","-1","2","2,3","3,7","3,9","3","7,7","3,7"
"2002-09","2,1","1,6","1,2","1,2","2,2","2,7","1,3","1,8","1,1","3,8","4,4","2,9","1,1","-1,4","2,2","2,2","3,6","3,9","3,1","7,2","3,5"
"2002-10","2,3","1,6","1,2","1,2","2,7","3,1","1,7","1,9","1,2","4","4,4","2,9","1,7","-1","2,5","2,6","3,4","4,1","3,3","7","4"
"2002-11","2,3","1,7","1,1","1,1","2,8","3","1,7","2,1","1,1","3,9","4,6","2,9","1,6","-0,9","2,6","2,3","3,3","4,1","3","6,5","3,9"
"2002-12","2,3","1,7","1,3","1,3","2,8","2,7","1,7","2,2","1,1","3,5","4,5","3","1,5","-0,9","2,8","2,1","3,2","4","3,2","7,1","4"
"2003-01","2,1","1,7","1,2","1,2","2,3","2,5","1,4","1,9","1,1","3,3","4,8","2,9","1,5","-1,8","3,2","0,8","2,7","4","7,1","6,7","3,8"
"2003-02","2,4","1,7","1,7","1,7","2,5","2,3","2,1","2,6","1,2","4,3","5,1","2,6","2,1","-1,9","3,2","2","2,9","4,1","7,4","6,4","3,9"
"2003-03","2,4","1,8","1,7","1,7","2,8","2,1","1,8","2,5","1,2","3,9","4,9","3","2,2","-1,1","3,7","2,4","2,7","3,7","8","6,3","3,7"
"2003-04","2,1","1,3","1,5","1,5","2","1,2","1,4","2","1","3,3","4,5","3","2,5","-0,9","2,9","2","2,2","3,7","7,7","5,3","3,2"
"2003-05","1,8","1","0,9","0,9","2,2","0,7","1,1","1,8","0,6","3,5","3,9","2,8","2,5","-0,7","2,3","1,9","2,2","3,6","7,6","5,5","2,7"
"2003-06","2","1","1,5","1,5","2,3","0,5","1,1","2","1","3,7","3,7","2,8","3,7","-0,3","2","2,1","2,1","3,3","8,3","6,2","2,8"
"2003-07","1,9","1","1,4","1,4","3","0,9","1","2","0,9","3,5","3,9","2,8","3,8","-0,8","1,9","1,7","2,1","2,9","8,5","6,1","2,9"
"2003-08","2","1","1,7","1,7","3,1","1,4","1,2","2","1,1","3,3","4","2,8","3,4","-1","2,3","1,8","2,2","2,9","9","5,6","3,1"
"2003-09","2,1","1,3","1,7","1,7","2,1","1,5","1,3","2,2","1,1","3,3","3,8","2,9","3,1","-0,8","2,6","1,7","2","3,1","9,3","5","3"
"2003-10","2","1,1","1,5","1,5","2,1","1,2","0,9","2,3","1,2","3,1","3,3","2,8","3,3","-1,3","1,7","2,5","1,9","2,8","9,3","4,9","2,7"
"2003-11","2,2","1,3","1,8","1,8","2,3","1,2","1,1","2,5","1,4","3,3","3,3","2,8","3,6","-1","2","1,8","2","2,3","9,5","5,2","2,9"
"2003-12","2","1,3","1,6","1,6","2,2","1,2","1,2","2,4","1,1","3,1","3","2,5","3,6","-1,3","2,4","2,4","1,6","2,3","9,4","4,7","2,7"
"2004-01","1,8","1,2","1,4","1,4","2,3","0,7","0,7","2,2","1,1","3","2,2","2,2","3,9","-1,2","2,3","2,8","1,5","2,2","8,3","4","2,3"
"2004-02","1,6","1,5","1,1","1,1","2","0,6","0,4","1,9","0,8","2,6","2,2","2,4","4,3","-1,2","2,5","2,4","1,4","2,1","8,4","3,6","2,2"
"2004-03","1,7","1,6","0,9","0,9","2","0,7","-0,4","1,9","1,1","2,9","1,8","2,3","4,8","-0,9","2","2,2","1,3","2,3","8","3,5","2,2"
"2004-04","2,1","1,6","1,7","1,7","2,7","1,5","-0,4","2,4","1,7","3,1","1,7","2,4","5,1","-0,6","2,7","3,6","1,5","2,4","7,9","3,6","2,7"
"2004-05","2,5","2,1","2,4","2,4","2,9","3,7","-0,1","2,8","2,2","3,1","2,1","2,4","6,2","1","3,5","3,1","1,7","2,5","8,2","3,9","3,4"
"2004-06","2,4","2,3","2","2","2,8","4,4","-0,1","2,7","1,9","3","2,5","2,4","6,1","1","3,9","3,3","1,5","3,6","8,2","3,9","3,5"
"2004-07","2,3","2,1","2","2","1,9","4","0,2","2,6","1,9","3,2","2,5","2,2","6,6","1,8","3,8","3,1","1,2","3","8,4","3,8","3,3"
"2004-08","2,4","2,2","2","2","1,8","3,9","0,2","2,6","2,2","2,8","2,5","2,4","7,7","2,2","3,6","2,5","1,2","2,4","7,1","3,7","3,3"
"2004-09","2,1","1,8","1,8","1,8","1,6","3,8","0,2","2,2","1,9","2,9","2,4","2,1","7,7","3,1","3,1","3,2","1,2","2,1","6,6","3,4","3,2"
"2004-10","2,4","2,3","2,6","2,6","1,9","4","0,6","2,3","2,2","3,3","2,5","2,1","7,2","3,1","4,1","2,7","1,5","2,3","6,6","3,4","3,6"
"2004-11","2,2","2,3","2,3","2,3","1,8","4,5","0,2","2,2","1,9","3,2","2,7","2","7,2","2,9","4","2","1,5","2,6","6,2","3,8","3,5"
"2004-12","2,3","2,5","2","2","2","4,8","0,1","2,2","2,3","3,1","2,4","2,3","7,3","2,8","3,5","1,9","1,3","2,6","5,9","3,3","3,3"
"2005-01","1,9","2,4","2","2","1,4","4,2","-0,1","1,6","1,7","4,2","2,1","2","6,7","2,8","2,8","1,9","1,3","2","3,2","2,3","3,1"
"2005-02","2,1","2,3","2,3","2,3","2,3","4,6","0","1,9","1,8","3,1","2","2,1","7","3,2","3,3","2,5","1,5","2,1","2,7","2,8","3,3"
"2005-03","2,2","2,4","2,8","2,8","2,6","4,8","0,9","2,1","1,8","2,8","1,9","2,2","6,5","3,3","3,5","2,5","1,5","2,2","2,4","3,2","3,4"
"2005-04","2,1","2,3","2,5","2,5","3","4,6","1,2","2","1,4","3,3","2,1","2,1","7,1","3,2","3,8","1,9","1,3","2","2,6","2,7","3,5"
"2005-05","2","1,9","2,3","2,3","2,2","2,9","0,7","1,7","1,5","3,2","2,1","2,3","6,5","1,9","3,7","2,5","1","1,7","2,4","2,1","3,1"
"2005-06","2","2","2,7","2,7","2,7","3,2","1","1,8","1,7","3,2","2","2,2","6,5","2","3,2","2,1","1,4","0,7","2,6","1,7","3,2"
"2005-07","2,1","2,1","2,7","2,7","3,1","3,9","0,9","1,8","1,9","3,9","2,2","2,2","6,3","1,9","4","1,7","1,5","1,9","2,1","1,9","3,3"
"2005-08","2,2","1,9","2,9","2,9","3,1","4,2","1","2","1,9","3,6","2,1","2,2","6,3","2,3","4,3","2,5","1,7","2,5","2,1","1,8","3,3"
"2005-09","2,6","2,5","2,9","2,9","3,8","4,9","1,2","2,3","2,6","3,8","2,8","2,2","7,4","2,5","4,7","2,1","1,7","2,7","2,3","3,1","3,8"
"2005-10","2,5","2,1","2,3","2,3","3,9","4,5","0,8","2","2,4","3,7","2,7","2,5","7,7","3,1","5","2,9","1,5","2,6","3,5","3,1","3,5"
"2005-11","2,3","1,7","2,4","2,4","3,9","4","0,9","1,8","2,3","3,4","2,2","2,4","7,5","2,9","3,6","4,3","1,6","2,5","3,6","2","3,4"
"2005-12","2,3","1,5","2,8","2,8","4","3,7","1","1,8","2,1","3,5","1,9","2","7,1","3","3,5","3,4","2","2,5","3,8","2,4","3,7"
"2006-01","2,4","1,5","2,7","2,7","4,3","4,6","1,2","2,2","2,1","3","2,3","2,2","7,5","3,5","4,1","2,4","1,7","2,7","4,1","2,6","4,2"
"2006-02","2,4","1,5","2,9","2,9","4,1","4,6","1,3","2","2,1","3,1","2,7","2,2","7","3,4","3,8","2,3","1,5","3","4,3","2,3","4,1"
"2006-03","2,2","1,3","2,1","2,1","3,7","4","1,2","1,7","1,9","3,3","2,8","2,2","6,6","3","3,8","2,9","1,4","3,8","4,3","2","3,9"
"2006-04","2,4","2,1","2,5","2,5","3,6","4,3","1,5","2","2,2","3,5","2,8","2,4","6,1","3,4","3,4","3,5","1,8","3,7","4,4","2,8","3,9"
"2006-05","2,5","2,1","2,8","2,8","4,1","4,6","1,7","2,3","2,1","3,3","3,1","2,3","7,1","3,6","3,6","3,5","1,8","3,6","4,8","3,4","4,1"
"2006-06","2,5","1,9","2,5","2,5","4,1","4,4","1,5","2,2","2,1","3,4","2,8","2,4","6,3","3,7","3,9","3,3","1,8","3,5","4,5","3","4"
"2006-07","2,4","1,9","2,4","2,4","3,1","4,5","1,3","2,2","2,1","3,9","3","2,4","7","4,4","3,4","3,6","1,8","3","5","1,9","4"
"2006-08","2,3","2,1","2,3","2,3","3,2","5","1,3","2,1","1,7","3,5","3,1","2,3","6,8","4,2","3,1","3","1,9","2,7","5","3,1","3,8"
"2006-09","1,8","1,4","1,9","1,9","2,7","3,8","0,8","1,5","0,9","3,1","2,2","2,5","5,9","3,3","2","3,1","1,5","3","4,5","2,5","2,9"
"2006-10","1,6","1,2","1,7","1,7","2,2","3,8","1","1,2","1","3,1","2,2","1,9","5,6","3,6","0,6","1,7","1,4","2,6","3,1","1,6","2,6"
"2006-11","1,8","1,5","2","2","2,4","4,6","1,3","1,6","1,5","3,2","2,4","2","6,3","4,4","1,8","0,9","1,6","2,4","3,6","2,5","2,7"
"2006-12","1,9","1,6","2,1","2,1","2,1","5,1","1,2","1,7","1,4","3,2","3","2,1","6,7","4,6","2,2","0,8","1,7","2,5","3,7","3","2,7"
"2007-01","1,8","1,7","1,7","1,7","1,9","5","1,3","1,4","1,7","3","3","1,9","7,1","4","2,3","1,2","1,2","2,6","2,2","2,8","2,4"
"2007-02","1,8","1,7","1,8","1,8","1,5","4,6","1,2","1,2","1,9","3","2,7","2,1","7,2","4,4","1,8","0,8","1,4","2,3","2","2,3","2,4"
"2007-03","1,9","1,9","1,8","1,8","2","5,6","1,6","1,2","2","2,8","3","2","8,5","4,7","2,4","0,5","1,9","2,4","2","2,7","2,5"
"2007-04","1,9","1,8","1,8","1,8","2","5,6","1,5","1,3","2,1","2,6","2,9","1,8","8,8","4,9","2,5","-1,1","1,9","2,8","2","2,9","2,5"
"2007-05","1,9","1,9","1,3","1,3","2","5,9","1,3","1,2","2","2,6","2,7","1,9","7,8","5","2,3","-1","2","2,4","1,5","3,2","2,4"
"2007-06","1,9","1,9","1,3","1,3","1,4","6","1,4","1,3","2","2,6","2,8","2","8,9","5","2,3","-0,6","1,8","2,4","1,5","3,8","2,4"
"2007-07","1,8","2","1,3","1,3","1,7","6,5","1,6","1,2","2,1","2,7","2,7","1,6","9,5","5,1","2,1","-0,2","1,4","2,3","1,2","4","2,3"
"2007-08","1,7","1,7","1,1","1,1","2,2","6,1","1,3","1,3","1,9","2,7","2,4","1,6","10,2","5,5","1,9","0,6","1,1","1,9","1,2","3,5","2,2"
"2007-09","2,1","2,1","1,4","1,4","3,4","7,5","1,7","1,6","2,6","3","2,9","1,7","11,5","7,1","2,5","0,9","1,3","2","1,7","3,6","2,7"
"2007-10","2,5","2,9","2,2","2,2","3,9","8,7","1,8","2,1","2,6","3","3","2,3","13,2","7,6","3,6","1,5","1,6","2,5","2,4","5,1","3,6"
"2007-11","3,1","3,2","2,9","2,9","4,5","9,3","2,2","2,6","3,3","3,9","3,5","2,5","13,7","7,9","4","2,9","1,8","2,8","2,3","5,8","4,1"
"2007-12","3,1","3,5","3,1","3,1","5,4","9,7","1,9","2,8","3,1","3,9","3,2","2,8","14","8,2","4,3","3,1","1,6","2,7","2,5","5,7","4,3"
"2008-01","3,2","3,1","3,5","3,5","5,8","11,3","3,4","3,2","3","3,9","3,1","3,2","15,6","10","4,2","3,8","1,8","2,9","3,2","6,4","4,4"
"2008-02","3,3","3,1","3,6","3,6","5,4","11,5","3,3","3,2","3","4,6","3,4","3","16,5","10,9","4,2","3,9","2","2,9","3,4","6,3","4,5"
"2008-03","3,6","3,5","4,4","4,4","5,4","11,2","3,6","3,5","3,3","4,4","3,8","3,6","16,6","11,4","4,4","4,3","1,9","3,2","3,6","6,6","4,6"
"2008-04","3,3","3,4","4,1","4,1","5,4","11,6","3,3","3,4","2,6","4,4","3,4","3,4","17,4","11,9","4,3","4,1","1,7","2,5","3,6","6,2","4,2"
"2008-05","3,7","3,8","5,1","5,1","6,1","11,4","4,1","3,7","3,2","4,9","3,7","3,8","17,7","12,3","4,8","4,1","2,1","2,8","4","6,2","4,7"
"2008-06","3,9","4","5,8","5,8","7,3","11,5","4,3","4","3,4","4,9","3,9","4","17,5","12,7","5,3","4,4","2,3","3,4","4,3","6,8","5,1"
"2008-07","4,1","3,8","5,9","5,9","8","11,2","4,3","4","3,4","4,9","3,5","4","16,5","12,4","5,8","5,6","3","3,1","4,4","6,9","5,3"
"2008-08","3,8","3,6","5,4","5,4","7,1","11,1","4,6","3,5","3,3","4,8","3,2","4,3","15,6","12,2","4,8","5,4","3","3,1","4,5","6","4,9"
"2008-09","3,6","3,7","5,5","5,5","6,2","10,8","4,7","3,4","3","4,7","3,2","3,9","14,7","11,3","4,8","4,9","2,8","3,2","4,6","5,5","4,6"
"2008-10","3,2","3","4,8","4,8","5,7","10,1","4,4","3","2,6","4","2,8","3,6","13,7","10,7","3,9","5,7","2,5","2,5","4,2","4,8","3,6"
"2008-11","2,1","2,3","3,2","3,2","4,5","8,5","3,5","1,9","1,4","3","2,1","2,8","11,6","9,2","2","4,9","1,9","1,4","3,9","2,9","2,4"
"2008-12","1,6","1,5","2,7","2,7","2,8","7,5","3,4","1,2","1,1","2,2","1,3","2,4","10,4","8,5","0,7","5","1,7","0,8","3,5","1,8","1,4"
"2009-01","1,1","1,2","2,1","2,1","3,2","4,7","2,5","0,8","1","2","1,2","1,4","9,7","9,5","0","3,1","1,7","0,1","2,7","1,4","0,8"
"2009-02","1,2","1,3","1,9","1,9","3,8","3,9","2,7","1","1,1","1,8","0,1","1,6","9,4","8,5","0,8","3,5","1,9","0,1","2,4","2,1","0,7"
"2009-03","0,6","0,6","0,6","0,6","3,4","2,5","2","0,4","0,3","1,5","-0,8","1,1","7,9","7,4","-0,3","3,9","1,8","-0,6","1,8","1,6","-0,1"
"2009-04","0,6","0,5","0,7","0,7","3,5","0,9","2,1","0,1","0,7","1,1","-0,8","1,2","5,9","5,9","-0,3","3,9","1,8","-0,5","1,4","1,1","-0,2"
"2009-05","0","0,1","-0,2","-0,2","2,5","0,3","1,5","-0,3","-0,1","0,7","-1,7","0,8","4,4","4,9","-0,9","3,4","1,5","-1,3","1,1","0,5","-0,9"
"2009-06","-0,1","-0,3","-1,1","-1,1","1,9","-0,5","1,6","-0,6","0","0,7","-2,1","0,5","3,1","3,9","-1","2,8","1,4","-1,6","0,7","0,2","-1"
"2009-07","-0,6","-0,4","-1,7","-1,7","1,2","-0,4","1,2","-0,8","-0,7","0,7","-2,5","-0,1","2,1","2,6","-1,5","0,8","-0,1","-1,5","0,6","-0,6","-1,3"
"2009-08","-0,2","0,2","-0,7","-0,7","1,5","-0,7","1,3","-0,2","0","1","-2,4","0,1","1,5","2,2","-0,2","1","-0,1","-1,2","0,5","0,1","-0,7"
"2009-09","-0,3","0","-1","-1","0,9","-1,7","1,1","-0,4","-0,4","0,7","-2,9","0,3","0,1","2,3","-0,4","0,8","0","-1,8","0","0","-0,9"
"2009-10","-0,1","0,1","-0,9","-0,9","1,2","-2,1","0,6","-0,2","-0,1","1,2","-2,9","0,3","-1,2","1","-0,2","-0,5","0,4","-1,6","-0,1","0,1","-0,6"
"2009-11","0,5","0,6","0","0","1,8","-2,1","1,3","0,5","0,3","2,1","-2,8","0,9","-1,4","1,3","1,7","-0,1","0,7","-0,8","0","1,8","0,4"
"2009-12","0,9","1,1","0,3","0,3","1,8","-1,9","1,8","1","0,9","2,5","-2,6","1,1","-1,4","1,2","2,5","-0,4","0,7","-0,1","0","2,1","0,9"
"2010-01","0,9","1,2","0,8","0,8","1,3","-1","1,6","1,2","0,7","2,3","-2,5","1,3","-3,3","-0,3","3","1,3","0,4","0,1","-0,2","1,8","0,7"
"2010-02","0,8","0,9","0,8","0,8","0,9","-0,3","1,3","1,4","0,4","2,9","-2,4","1","-4,3","-0,6","2,3","0,8","0,4","0,2","-0,2","1,5","0,4"
"2010-03","1,6","1,8","1,9","1,9","1,1","1,4","1,5","1,7","1,2","3,9","-2,4","1,4","-4","-0,4","3,2","0,6","0,7","0,6","0,3","1,7","2,7"
"2010-04","1,6","1,8","2","2","0,8","2,5","1,6","1,9","1","4,8","-2,4","1,8","-2,8","0,2","3,1","0,8","0,7","0,7","0,7","2,6","2,4"
"2010-05","1,7","1,7","2,5","2,5","0,9","2,8","1,4","1,9","1,2","5,3","-1,9","1,5","-2,4","0,5","3,1","1,8","0,4","1,1","0,7","2,4","2,5"
"2010-06","1,5","1,8","2,7","2,7","0,6","3,4","1,3","1,7","0,9","5,2","-2","1,4","-1,6","0,9","2,3","1,8","0,2","1,1","0,7","2,1","2,1"
"2010-07","1,7","1,7","2,4","2,4","0,9","2,7","1,3","1,9","1,2","5,5","-1,2","1,8","-0,7","1,8","2,9","2,5","1,3","1,9","1","2,3","1,8"
"2010-08","1,6","1,6","2,4","2,4","0,8","2,8","1,3","1,6","1","5,6","-1,2","1,7","-0,4","1,8","2,5","3","1,2","2","1,1","2,4","1,6"
"2010-09","1,9","1,7","2,9","2,9","1,4","3,8","1,4","1,8","1,2","5,7","-1,1","1,6","0,3","1,8","2,7","2,4","1,4","2","1,1","2","2,8"
"2010-10","1,9","2","3,1","3,1","1,4","4,5","2,4","1,8","1,3","5,2","-0,7","2","0,9","2,6","2,9","2,2","1,4","2,3","1","2,1","2,5"
"2010-11","1,9","1,8","3","3","1,2","5","2,4","1,8","1,5","4,8","-0,9","1,8","1,7","2,5","2,5","3,3","1,4","2,2","1","1,6","2,3"
"2010-12","2,2","2,2","3,4","3,4","1,7","5,4","2,8","2","1,8","5,2","-0,2","2,1","2,4","3,6","3,1","4","1,8","2,4","1,3","2,2","2,9"
"2011-01","2,3","2,5","3,5","3,5","1,8","5,1","3,1","2","2","4,9","0,3","2","3,5","2,8","3,4","3,3","1,9","3,6","3,2","2,3","3"
"2011-02","2,4","3,2","3,5","3,5","2,2","5,5","3,5","1,8","2,3","4,1","0,9","2,2","3,8","3","3,9","2,7","2","3,5","3,5","2","3,4"
"2011-03","2,7","3,3","3,3","3,3","2,5","5,1","3,5","2,2","2,4","4,3","1,2","2,8","4,1","3,7","4","2,8","1,8","3,9","3,8","2,4","3,3"
"2011-04","2,8","3,7","3,1","3,1","2,3","5,4","3,4","2,2","2,7","3,7","1,5","2,9","4,3","4,4","4","2,4","2,1","4","3,9","2","3,5"
"2011-05","2,7","3,7","2,9","2,9","2,5","5,5","3,4","2,2","2,5","3,1","1,2","3","4,8","5","3,8","2,5","2,3","3,7","4,2","2,4","3,4"
"2011-06","2,7","3,7","3,3","3,3","2","4,9","3,4","2,3","2,4","3,1","1,1","3","4,7","4,8","3,8","3,1","2,3","3,3","4,1","1,6","3"
"2011-07","2,6","3,8","4","4","1,9","5,3","3,7","2,1","2,6","2,1","1","2,1","4,2","4,6","3,2","2,4","3,2","3","3,8","1,1","3"
"2011-08","2,5","3,7","3,4","3,4","2,1","5,6","3,5","2,4","2,5","1,4","1","2,3","4,6","4,4","3,7","2,5","3,2","2,8","4,1","1,2","2,7"
"2011-09","3","3,9","3,2","3,2","2,1","5,4","3,5","2,4","2,8","2,9","1,4","3,7","4,5","4,7","3,8","2,8","3","3,5","4,4","2,3","3"
"2011-10","3","3,8","3,2","3,2","2,5","4,7","3,2","2,5","2,8","2,9","1,6","3,7","4,3","4,2","3,8","2,5","2,8","4","4,6","2,9","3"
"2011-11","3","3,8","3,5","3,5","2,5","4,4","3,2","2,7","2,7","2,8","1,8","3,7","4","4,4","4","1,7","2,6","3,8","4,8","2,8","2,9"
"2011-12","2,8","3,4","3,2","3,2","2,1","4,1","2,6","2,7","2,2","2,2","1,5","3,7","3,9","3,5","3,4","1,5","2,5","3,5","4,6","2,1","2,3"
"2012-01","2,7","2,9","3,3","3,3","1,4","4,7","3","2,6","2,4","2,1","1,2","3,4","3,4","3,4","3,2","1,7","2,9","3,3","4","2,2","2"
"2012-02","2,7","2,6","3,4","3,4","1,6","4,4","3","2,5","2,6","1,7","1,5","3,5","3,3","3,7","3,3","2,6","2,9","3,5","4","2,8","1,9"
"2012-03","2,7","2,6","3,1","3,1","2,1","4,7","2,9","2,6","2,3","1,3","2,2","3,8","3,2","3,7","2,9","2,6","2,9","3,1","3,9","2,5","1,8"
"2012-04","2,6","2,3","2,9","2,9","2,6","4,3","3","2,4","2,2","1,5","1,8","3,7","2,8","3,3","3","3,8","2,8","2,9","3,7","2,9","2"
"2012-05","2,4","2,2","2,6","2,6","3,5","4,1","3,1","2,3","2,1","0,9","1,8","3,6","2,3","2,6","2,7","3,7","2,5","2,7","3,4","2,4","1,9"
"2012-06","2,4","2,2","2,2","2,2","3,6","4,4","2,9","2,3","1,9","1","1,8","3,7","2,1","2,6","2,6","4,3","2,5","2,7","3,7","2,4","1,8"
"2012-07","2,4","2,1","2","2","3,4","4,1","3,1","2,2","1,9","0,9","2","3,6","1,9","2,9","2,7","4,2","2,6","2,8","3,8","2,6","2,2"
"2012-08","2,6","2,3","2,6","2,6","4,1","4,2","3,3","2,4","2,3","1,1","2,6","3,4","1,9","3,4","2,8","3,2","2,6","3,1","3,8","3,1","2,7"
"2012-09","2,6","2,8","2,6","2,6","4,8","4,1","3,4","2,2","2,2","0,3","2,5","3,4","1,9","3,3","3,2","2,9","2,5","2,9","3,8","3,7","3,5"
"2012-10","2,5","2,9","2,7","2,7","4,6","4,2","3,5","2,1","2,1","0,9","2","2,8","1,6","3,2","3,2","3,2","3,3","2,1","3,9","3,2","3,5"
"2012-11","2,2","2,9","2,2","2,2","4,1","3,8","3,2","1,6","1,9","0,4","1,5","2,6","1,5","2,8","2,7","3,6","3,2","1,9","3,5","2,8","3"
"2012-12","2,2","2,9","2,1","2,1","4,4","3,6","3,4","1,5","2,1","0,3","1,7","2,6","1,6","2,9","2,5","2,7","3,4","2,1","3,4","3,1","3"
"2013-01","2","2,8","1,5","1,5","4,6","3,7","2,6","1,4","1,9","0","1,5","2,4","0,6","2,7","2,1","2,4","3,2","0,4","2,5","2,8","2,8"
"2013-02","1,9","2,6","1,5","1,5","4,4","4","2,4","1,2","1,8","0,1","1,2","2","0,3","2,3","2,4","1,8","3,2","0,2","2,3","2,9","2,9"
"2013-03","1,7","2,4","1,4","1,4","3,4","3,8","2,5","1,1","1,9","-0,2","0,6","1,8","0,3","1,6","2","1,4","3,2","0,7","1,9","2,2","2,6"
"2013-04","1,2","2,1","1,2","1,2","3,1","3,4","2,4","0,8","1,1","-0,6","0,5","1,2","-0,4","1,4","1,7","0,9","2,8","0,4","1,7","1,6","1,5"
"2013-05","1,4","2,4","1,2","1,2","1,8","3,6","2,5","0,9","1,5","-0,3","0,4","1,2","-0,2","1,5","1,4","0,8","3,1","0,9","1,8","1,6","1,8"
"2013-06","1,6","2,2","1,6","1,6","2,2","4,1","2,3","1","2","-0,2","0,7","1,2","0,2","1,3","2","0,6","3,2","1,2","1,7","2,2","2,2"
"2013-07","1,6","2,1","1,6","1,6","2,7","4","2,5","1,2","2","-0,5","0,8","1,2","0,5","0,6","1,8","0,9","3,1","0,8","1,6","2,8","1,9"
"2013-08","1,3","2","1,1","1,1","2,4","3,6","2,1","1","1,5","-1","0,1","1,1","-0,1","0,5","1,7","0,7","2,8","0,2","1,4","2,3","1,6"
"2013-09","1,1","1,8","1","1","1,7","2,6","1,8","1","1,5","-1","0","0,9","-0,4","0,5","1,6","0,6","2,4","0,3","1,1","1,5","0,5"
"2013-10","0,7","1,5","0,7","0,7","0,8","2,2","1,7","0,7","1,2","-1,9","-0,1","0,7","0","0,5","1","0,5","1,3","0","0,7","1,2","0"
"2013-11","0,9","1,5","0,9","0,9","0,7","2,1","1,8","0,8","1,6","-2,9","0,3","0,6","-0,3","0,6","1,1","0,2","1,2","0,1","0,5","1,2","0,3"
"2013-12","0,8","2","1,2","1,2","0,5","2","1,9","0,8","1,2","-1,8","0,3","0,6","-0,4","0,5","1,5","1","1,4","0,2","0,4","0,9","0,3"
"2014-01","0,8","1,5","1,1","1,1","0,4","1,6","1,9","0,8","1,1","-1,4","0,3","0,6","0,5","0,2","1,5","0,9","0,8","0,1","0","0,9","0,3"
"2014-02","0,7","1,5","0,8","0,8","-0,2","1,1","1,6","1,1","1","-0,9","0,1","0,4","0,5","0,3","0,8","1,6","0,4","-0,1","-0,1","0,2","0,1"
"2014-03","0,5","1,5","0,8","0,8","-0,1","0,7","1,3","0,8","0,7","-1,5","0,2","0,3","0,3","0,4","0,8","1,5","0,1","-0,4","-0,2","0,6","-0,2"
"2014-04","0,7","1,6","0,8","0,8","-0,1","0,8","1,3","0,8","1,1","-1,6","0,3","0,5","0,8","0,3","0,9","0,5","0,6","-0,1","-0,2","0,5","0,3"
"2014-05","0,5","1,5","0,7","0,7","0,4","0,6","1","0,8","0,7","-2,1","0,4","0,4","0,8","0,1","1,4","0,4","0,1","-0,3","0","1","0,2"
"2014-06","0,5","1,7","0,6","0,6","0,5","0,3","1,1","0,6","0,9","-1,5","0,5","0,3","0,8","0,3","1,2","0,7","0,3","-0,2","-0,1","1","0"
"2014-07","0,4","1,7","0,5","0,5","0,5","0","1","0,6","0,7","-0,8","0,4","0","0,6","0,5","1,2","0,6","0,3","-0,7","-0,1","0,3","-0,4"
"2014-08","0,4","1,5","0,4","0,4","0,3","-0,2","1,2","0,5","0,8","-0,2","0,6","-0,1","0,8","0,3","0,7","0,8","0,4","-0,1","-0,2","0","-0,5"
"2014-09","0,3","1,4","0,2","0,2","0,2","0,2","1,5","0,4","0,8","-1,1","0,5","-0,1","1,2","0","0,3","0,6","0,3","0","-0,1","-0,1","-0,3"
"2014-10","0,4","1,4","0,3","0,3","0,5","0,5","1,2","0,5","0,7","-1,8","0,4","0,2","0,7","0,3","0,4","0,7","0,4","0,1","0","0","-0,2"
"2014-11","0,3","1,5","0,1","0,1","0,3","0","1,1","0,4","0,5","-1,2","0,2","0,3","0,9","0,4","0,2","0,7","0,3","0,1","0","0","-0,5"
"2014-12","-0,2","0,8","-0,4","-0,4","-0,1","0,1","0,6","0,1","0,1","-2,5","-0,3","0","0,3","-0,1","-0,9","0,4","-0,1","-0,3","-0,1","-0,1","-1,1"
"2015-01","-0,6","0,5","-0,6","-0,6","-0,6","-0,5","-0,1","-0,4","-0,5","-2,8","-0,4","-0,5","-0,3","-1,4","-1,2","0,8","-0,7","-0,4","-0,5","-0,7","-1,5"
"2015-02","-0,3","0,5","-0,4","-0,4","-0,4","-0,2","-0,1","-0,3","-0,2","-1,9","-0,4","0,1","0","-1,5","-0,3","0,6","-0,5","-0,1","-0,6","-0,5","-1,2"
"2015-03","-0,1","0,9","-0,1","-0,1","0","0","0","0","0,3","-1,9","-0,2","0","0,5","-1,1","0,1","0,5","-0,3","0,4","-0,4","-0,4","-0,8"
"2015-04","0,2","0,9","0,4","0,4","-0,1","0,4","-0,1","0,1","1","-1,8","-0,3","-0,1","0,6","-0,6","0","1,4","0","0,5","-0,1","-0,8","-0,7"
"2015-05","0,6","1","0,8","0,8","0","0,5","0,1","0,3","1,6","-1,4","0,2","0,2","1,2","0","0,4","1,3","0,7","1","-0,1","-0,8","-0,3"
"2015-06","0,5","1","0,9","0,9","0,1","0,3","0,1","0,3","1,1","-1,1","0,4","0,2","0,7","-0,2","0,5","1,1","0,5","0,8","-0,1","-1","0"
"2015-07","0,5","1,1","0,9","0,9","-0,2","0,1","-0,1","0,2","1,3","-1,3","0,2","0,4","-0,2","-0,2","0,2","1,2","0,8","0,7","-0,2","-0,7","0"
"2015-08","0,4","1","0,8","0,8","-0,1","0,2","-0,2","0,1","1,1","-0,4","0,2","0,3","0,2","-1","0,1","1,4","0,4","0,7","-0,2","-0,6","-0,5"
"2015-09","0,2","0,6","0,9","0,9","-0,5","-0,3","-0,7","0,1","0,8","-0,8","-0,1","0,2","-0,4","-0,8","-0,2","1,6","0,3","0,9","-0,5","-1","-1,1"
"2015-10","0,4","0,7","1,2","1,2","-0,5","0","-0,3","0,2","1,2","-0,1","-0,1","0,3","-0,1","-0,4","-0,1","1,6","0,4","0,7","-0,5","-1,1","-0,9"
"2015-11","0,1","0,5","1,4","1,4","-0,4","0,5","-0,2","0,1","0,2","-0,1","-0,1","0,1","0","-0,5","0,4","1,3","0,4","0,6","-0,4","-0,9","-0,4"
"2015-12","0,3","1,1","1,5","1,5","-0,3","-0,2","-0,2","0,3","0,2","0,4","0,2","0,1","0,4","-0,2","0,9","1,3","0,5","0,3","-0,5","-0,6","-0,1"
"2016-01","0,3","1,4","1,8","1,8","-0,2","0,1","0","0,3","0,4","-0,1","0","0,4","-0,3","0,7","0,5","0,8","0,2","0,7","-0,6","-0,8","-0,4"
"2016-02","-0,1","1","1,1","1,1","-0,6","0,4","-0,1","-0,1","-0,1","0,1","-0,2","-0,2","-0,6","0,5","-0,3","1","0,3","0,2","-0,3","-0,9","-1"
"2016-03","0","0,7","1,6","1,6","-0,9","0,5","0","-0,1","0,1","-0,7","-0,6","-0,2","-0,6","0,8","-0,6","1","0,5","0,5","-0,5","-0,9","-1"
"2016-04","-0,3","0,6","1,5","1,5","-0,9","0","0,3","-0,1","-0,3","-0,4","-0,2","-0,4","-0,7","0,8","-0,6","0,8","-0,2","0,5","-0,4","-0,7","-1,2"
"2016-05","-0,1","0,6","1,6","1,6","-1,2","0","0,3","0,1","-0,1","-0,2","-0,2","-0,3","-0,8","0,2","-0,6","1","-0,2","0,4","-0,7","-0,5","-1,1"
"2016-06","0","0,6","1,8","1,8","-1,2","0,4","0,3","0,3","0,1","0,2","0,1","-0,2","-0,6","0,4","-0,4","1","-0,2","0,7","-0,7","0","-0,9"
"2016-07","0,2","0,6","2","2","-1,1","0,8","0,5","0,4","0,3","0,2","0,1","-0,2","0,1","0","-0,4","0,9","-0,6","0,7","-0,9","-0,1","-0,7"
"2016-08","0,2","0,6","2","2","-1,5","1,1","0,5","0,4","0,3","0,4","-0,4","-0,1","-0,1","0,5","-0,2","1","0,1","0,8","-0,8","-0,2","-0,3"
"2016-09","0,4","1,1","1,8","1,8","-0,7","1,7","0,5","0,5","0,6","-0,1","-0,3","0,1","0,5","0,6","0,3","0,9","-0,1","0,7","-0,5","0,2","0"
"2016-10","0,5","1,4","1,9","1,9","-0,3","1","0,6","0,5","0,7","0,6","-0,4","-0,1","1,1","0,7","0,7","0,5","0,3","1,1","-0,3","0,7","0,5"
"2016-11","0,6","1,5","1,7","1,7","0,2","1,4","0,6","0,7","0,8","-0,2","-0,2","0,1","1,2","1,1","0,6","0,8","0,4","0,5","-0,2","0,7","0,5"
"2016-12","1,1","1,6","2,2","2,2","0,7","2,4","1,1","0,8","1,6","0,3","-0,2","0,5","2,1","2","1,6","1","0,7","0,9","0,2","0,6","1,4"
"2017-01","1,7","2,1","3,1","3,1","0,9","2,8","0,9","1,6","1,7","1,5","0,2","1","2,9","2,5","2,5","1,4","1,6","1,3","0,8","1,5","2,9"
"2017-02","2","2,4","3,3","3,3","1,4","3,4","1,4","1,4","2,1","1,4","0,3","1,6","3,2","3,2","2,7","1,2","1,7","1,6","1,2","2,5","3"
"2017-03","1,5","2,1","2,5","2,5","1,1","3","0,9","1,4","1,5","1,7","0,6","1,4","3,3","3,2","2,5","1,2","0,6","1,4","1","2","2,1"
"2017-04","1,9","2,3","2,7","2,7","1,4","3,6","1","1,4","2","1,6","0,7","2","3,3","3,5","2,6","1,1","1,4","2,4","0,8","1,7","2,6"
"2017-05","1,4","2,1","1,9","1,9","1","3,5","0,9","0,9","1,3","1,5","0","1,6","2,7","3,2","1,9","1,1","0,7","1,7","1,1","1,5","2"
"2017-06","1,3","2","1,5","1,5","1,1","3,1","0,9","0,8","1,7","0,9","-0,6","1,2","3,1","3,5","1,5","1","1","1","1","0,9","1,6"
"2017-07","1,3","2","1,8","1,8","1,2","3,9","0,6","0,8","1,7","0,9","-0,2","1,2","2,6","4,1","1,8","1,2","1,5","1","1,5","1,2","1,7"
"2017-08","1,5","2,1","2","2","1,5","4,2","0,8","1","1,9","0,6","0,4","1,4","3,2","4,6","2,3","1,2","1,5","1,3","1,6","1,4","2"
"2017-09","1,6","2,5","2","2","1,6","3,9","0,8","1,1","1,9","1","0,2","1,3","3","4,6","2","1,2","1,4","1,6","1,8","1,4","1,8"
"2017-10","1,4","2,4","1,8","1,8","1,6","4","0,5","1,2","1,5","0,5","0,5","1,1","2,7","4,2","2","1,5","1,3","1,9","1,8","1,3","1,7"
"2017-11","1,5","2,4","2,1","2,1","1,6","4,5","0,9","1,2","1,7","1,1","0,5","1,1","2,7","4,2","2","1,5","1,5","1,8","2,1","1,4","1,8"
"2017-12","1,3","2,3","2,1","2,1","1,3","3,8","0,5","1,2","1,5","1","0,5","1","2,2","3,8","1,6","1,3","1,2","1,6","2","1,9","1,2"
"2018-01","1,3","1,9","1,8","1,8","1,2","3,6","0,8","1,5","1,5","0,2","0,3","1,2","2","3,6","1,3","1,2","1,5","1,1","2,6","1,7","0,7"
"2018-02","1,1","1,9","1,5","1,5","0,9","3,2","0,6","1,3","1,2","0,4","0,7","0,5","1,8","3,2","1,1","1,3","1,3","0,7","2,2","1,4","1,2"
"2018-03","1,4","2","1,5","1,5","1,2","2,9","0,9","1,7","1,7","0,2","0,5","0,9","2,3","2,5","1,1","1,3","1","0,8","2,5","1,5","1,3"
"2018-04","1,2","2","1,6","1,6","1,4","2,9","0,8","1,8","1,3","0,5","-0,1","0,6","2,1","2,2","1,3","1,4","1","0,3","3","1,9","1,1"
"2018-05","2","2,1","2,3","2,3","1,8","3,1","1","2,3","2,5","0,8","0,7","1","2,4","2,9","2,1","1,7","1,9","1,4","2,7","2,2","2,1"
"2018-06","2","2,3","2,6","2,6","2,2","3,9","1,2","2,3","2,1","1","0,7","1,4","2,7","2,6","2,4","2","1,7","2","2,9","2,3","2,3"
"2018-07","2,2","2,3","2,7","2,7","2,2","3,3","1,4","2,6","2,2","0,8","1","1,9","2,7","2,3","2,5","2,1","1,9","2,2","2,6","2,1","2,3"
"2018-08","2,1","2,3","2,6","2,6","2,1","3,5","1,4","2,6","2,1","0,9","0,9","1,6","2,8","1,8","2,4","2,4","1,9","1,3","2,9","2","2,2"
"2018-09","2,1","2,1","2,8","2,8","1,6","3,5","1,4","2,5","2,2","1,1","1,2","1,5","3,3","2,4","2,7","2,5","1,6","1,8","2,7","2,2","2,3"
"2018-10","2,3","2,4","3,2","3,2","1,7","4,5","1,7","2,5","2,6","1,8","1,1","1,7","3,2","2,8","2,8","2,1","1,9","0,8","2,5","2,3","2,3"
"2018-11","1,9","2,3","2,9","2,9","1,3","3,2","1,4","2,2","2,2","1,1","0,8","1,6","2,9","2,4","2,6","1,4","1,8","0,9","2","2,1","1,7"
"2018-12","1,5","1,7","2,2","2,2","1","3,3","1,3","1,9","1,7","0,6","0,8","1,2","2,5","1,8","1,9","1,2","1,8","0,6","1,9","1,4","1,2"
"2019-01","1,4","1,7","1,8","1,8","0,6","2,8","1,2","1,4","1,7","0,5","0,8","0,9","2,9","1,6","1,6","1","2","0,6","2,2","1,2","1"
"2019-02","1,5","1,4","2","2","0,8","1,9","1,3","1,6","1,7","0,8","0,7","1,1","2,8","2","2,1","1,3","2,6","0,9","2,3","1,3","1,1"
"2019-03","1,4","1,7","2,2","2,2","1,1","2,2","1,1","1,3","1,4","1","1,1","1,1","2,7","2,6","2,4","1,3","2,9","0,8","2,7","1,6","1,3"
"2019-04","1,7","1,7","2","2","0,8","3,2","1,5","1,5","2,1","1,1","1,7","1,1","3,3","2,7","2,2","1,7","3","0,9","2,4","1,8","1,6"
"2019-05","1,2","1,7","1,7","1,7","1","3,1","1,3","1,1","1,3","0,6","1","0,9","3,5","2,5","2,2","1,7","2,3","0,3","2,7","1,6","0,9"
"2019-06","1,3","1,6","1,3","1,3","0,5","2,6","1,1","1,4","1,5","0,2","1,1","0,8","3,1","2,4","1,5","1,8","2,7","0,7","2,7","1,9","0,6"
"2019-07","1","1,4","1,2","1,2","0,9","2","1","1,3","1,1","0,4","0,5","0,3","3","2,5","1,6","1,8","2,6","-0,7","3","2","0,6"
"2019-08","1","1,5","0,9","0,9","0,6","2,1","1,2","1,3","1","0,1","0,6","0,5","3,1","2,5","1,4","1,9","3,1","-0,1","3","2,4","0,4"
"2019-09","0,8","1,2","0,6","0,6","0,6","2,2","1","1,1","0,9","0,2","0,6","0,2","2,3","2","1,1","1,6","2,7","-0,3","3","1,7","0,2"
"2019-10","0,7","1","0,2","0,2","0,6","1,4","0,9","0,9","0,9","-0,3","0,6","0,2","2,2","1,5","0,8","1,4","2,8","-0,1","2,9","1,5","0,2"
"2019-11","1","1,2","0,4","0,4","0,8","1,8","0,8","1,2","1,2","0,5","0,8","0,2","2","1,7","1","1,3","2,6","0,2","3,2","1,4","0,5"
"2019-12","1,3","1,8","0,9","0,9","1,3","1,8","1,1","1,6","1,5","1,1","1,1","0,5","2,1","2,7","1,8","1,3","2,8","0,4","3,2","2","0,8"
"2020-01","1,4","2,2","1,4","1,4","1,8","1,6","1,2","1,7","1,6","1,1","1,1","0,4","2,2","3","2,5","1,4","1,7","0,8","3,2","2,3","1,1"
"2020-02","1,2","2,2","1","1","1,2","2","1,1","1,6","1,7","0,4","0,9","0,2","2,3","2,8","1,8","1,1","1,3","0,5","3,1","2","0,9"
"2020-03","0,7","1,6","0,4","0,4","0,5","1","0,9","0,8","1,3","0,2","0,5","0,1","1,4","1,7","0,3","1,2","1,1","0,1","2,4","0,7","0,1"
"2020-04","0,3","1,5","0","0","-0,1","-0,9","-0,3","0,4","0,8","-0,9","-0,3","0,1","-0,1","0,9","-0,8","1,1","1","-0,1","2,1","-1,3","-0,7"
"2020-05","0,1","0,6","-0,2","-0,2","-0,7","-1,8","-0,1","0,4","0,5","-0,7","-0,8","-0,3","-0,9","0,2","-1,6","0,9","1,1","-0,6","2,1","-1,4","-0,9"
"2020-06","0,3","1,1","0,2","0,2","-0,4","-1,6","0,1","0,2","0,8","-1,9","-0,6","-0,4","-1,1","0,9","-0,4","1","1,7","0,2","1,8","-0,8","-0,3"
"2020-07","0,4","1,8","1,7","1,7","-0,6","-1,3","0,7","0,9","0","-2,1","-0,6","0,8","0,1","0,9","0,1","0,7","1,6","-0,1","1,8","-0,3","-0,7"
"2020-08","-0,2","1,4","-0,9","-0,9","-0,4","-1,3","0,3","0,2","-0,1","-2,3","-1,1","-0,5","-0,5","1,2","-0,2","0,7","0,3","-0,2","1,4","-0,7","-0,6"
"2020-09","-0,3","1,2","0,5","0,5","-0,3","-1,3","0,3","0","-0,4","-2,3","-1,2","-1","-0,4","0,6","-0,3","0,5","1","-0,8","1,4","-0,7","-0,6"
"2020-10","-0,3","1,1","0,4","0,4","-0,2","-1,7","0,2","0,1","-0,5","-2","-1,5","-0,6","-0,7","0,5","-0,4","0,6","1,2","-0,6","1,6","-0,5","-0,9"
"2020-11","-0,3","1,1","0,2","0,2","0","-1,2","0,2","0,2","-0,7","-2,1","-1","-0,3","-0,7","0,4","-0,7","0,2","0,7","-0,4","1,6","-1,1","-0,8"
"2020-12","-0,3","1","0,4","0,4","-0,3","-0,9","0,2","0","-0,7","-2,4","-1","-0,3","-0,5","-0,1","-0,3","0,2","0,9","-0,3","1,6","-1,2","-0,6"
"2021-01","0,9","1,1","0,6","0,6","0","0,3","1","0,8","1,6","-2,4","-0,1","0,7","-0,5","0,2","1,1","0,2","1,6","0,2","0,7","-0,9","0,4"
"2021-02","0,9","1,4","0,3","0,3","0,7","0,5","0,9","0,8","1,6","-1,9","-0,4","1","-0,2","0,4","-0,5","0,1","1,9","0,3","0,9","-1,1","-0,1"
"2021-03","1,3","2","1,6","1,6","1,6","0,9","1,4","1,4","2","-2","0,1","0,6","0,3","1,6","2,5","0,1","1,9","0,1","1,5","0,1","1,2"
"2021-04","1,6","1,9","2,1","2,1","2,1","1,6","2,2","1,6","2,1","-1,1","1,1","1","1,7","2,4","3,3","0,1","1,7","-0,1","1,7","2,2","2"
"2021-05","2","3","2,5","2,5","2,4","3,2","2,3","1,8","2,4","-1,2","1,9","1,2","2,6","3,5","4","0,2","2","0,5","2","2,2","2,4"
"2021-06","1,9","2,8","2,6","2,6","2,2","3,7","1,9","1,9","2,1","0,6","1,6","1,3","2,7","3,5","3,4","0,2","1,7","-0,6","2,5","1,7","2,5"
"2021-07","2,2","2,8","1,4","1,4","2,7","4,9","1,8","1,5","3,1","0,7","2,2","1","2,8","4,3","3,3","0,3","1,4","1,1","2,9","2","2,9"
"2021-08","3","3,2","4,7","4,7","3,1","5","1,8","2,4","3,4","1,2","3","2,5","3,6","5","3,5","0,4","2,7","1,3","3,3","2,1","3,3"
"2021-09","3,4","3,3","3,8","3,8","3,5","6,4","2,1","2,7","4,1","1,9","3,8","2,9","4,7","6,4","4","0,7","3","1,3","4","2,7","4"
"2021-10","4,1","3,8","5,4","5,4","3,9","6,8","2,8","3,2","4,6","2,8","5,1","3,2","6","8,2","5,3","1,4","3,7","1,8","4,4","3,5","5,4"
"2021-11","4,9","4,1","7,1","7,1","4,7","8,6","3,5","3,4","6","4","5,4","3,9","7,4","9,3","6,3","2,4","5,9","2,6","4,8","4,9","5,5"
"2021-12","5","3,8","6,6","6,6","5,2","12","3,2","3,4","5,7","4,4","5,7","4,2","7,9","10,7","5,4","2,6","6,4","2,8","5,1","5,1","6,6"
"2022-01","5,1","4,5","8,5","8,5","5,5","11","4,1","3,3","5,1","5,5","5","5,1","7,5","12,3","4,6","4,1","7,6","3,4","7,7","6","6,2"
"2022-02","5,9","5,5","9,5","9,5","6,3","11,6","4,4","4,2","5,5","6,3","5,7","6,2","8,8","14","7,8","4,2","7,3","4,4","8,3","7","7,6"
"2022-03","7,4","6,6","9,3","9,3","7,3","14,8","5,8","5,1","7,6","8","6,9","6,8","11,5","15,6","7,9","4,5","11,7","5,5","9,6","6","9,8"
"2022-04","7,4","7,1","9,3","9,3","9,6","19,1","5,8","5,4","7,8","9,1","7,3","6,3","13,1","16,6","9","5,4","11,2","7,4","10,9","7,4","8,3"
"2022-05","8,1","7,7","9,9","9,9","10,7","20,1","7,1","5,8","8,7","10,5","8,3","7,3","16,8","18,5","9,1","5,8","10,2","8,1","11,8","8,7","8,5"
"2022-06","8,6","8,7","10,5","10,5","12,1","22","8,1","6,5","8,2","11,6","9,6","8,5","19,2","20,5","10,3","6,1","9,9","9","12,6","10,8","10"
"2022-07","8,9","9,4","10,4","10,4","12,7","23,2","8","6,8","8,5","11,3","9,6","8,4","21,3","20,9","9,3","6,8","11,6","9,4","12,8","11,7","10,7"
"2022-08","9,1","9,3","10,5","10,5","12,6","25,2","7,9","6,6","8,8","11,2","9","9,1","21,4","21,1","8,6","7","13,7","9,3","13,4","11,5","10,5"
"2022-09","9,9","11","12,1","12,1","12,6","24,1","8,4","6,2","10,9","12,1","8,6","9,4","22","22,5","8,8","7,4","17,1","9,8","13,6","10,6","9"
"2022-10","10,6","11,6","13,1","13,1","12,7","22,5","8,4","7,1","11,6","9,5","9,4","12,6","21,7","22,1","8,8","7,4","16,8","10,6","14,5","10,3","7,3"
"2022-11","10,1","11,2","10,5","10,5","13","21,4","9,1","7,1","11,3","8,8","9","12,6","21,7","21,4","7,3","7,2","11,3","10,2","15,1","10,8","6,7"
"2022-12","9,2","10,5","10,2","10,2","12,7","17,5","8,8","6,7","9,6","7,6","8,2","12,3","20,7","20","6,2","7,3","11","9,8","15","10,8","5,5"
"2023-01","8,6","11,6","7,4","7,4","12,5","18,6","7,9","7","9,2","7,3","7,5","10,7","21,4","18,5","5,8","6,8","8,4","8,6","15,1","9,9","5,9"
"2023-02","8,5","11","5,4","5,4","11,7","17,8","8","7,3","9,3","6,5","8,1","9,8","20,1","17,2","4,8","7","8,9","8,6","15,4","9,4","6"
"2023-03","6,9","9,2","4,9","4,9","10,5","15,6","6,7","6,7","7,8","5,4","7","8,1","17,2","15,2","2,9","7,1","4,5","8","14,8","10,4","3,1"
"2023-04","7","9,4","3,3","3,3","8,9","13,2","6,3","6,9","7,6","4,5","6,3","8,6","15","13,3","2,7","6,4","5,8","6,9","14","9,2","3,8"
"2023-05","6,1","8,7","2,7","2,7","8,3","11,2","5","6","6,3","4,1","5,4","8","12,3","10,7","2","6,3","6,8","5,4","12,3","8,1","2,9"
"2023-06","5,5","7,8","1,6","1,6","8,3","9","4,1","5,3","6,8","2,8","4,8","6,7","8,1","8,2","1","6,2","6,4","4,7","11,3","6,6","1,6"
"2023-07","5,3","7","1,7","1,7","8","6,2","4,2","5,1","6,5","3,5","4,6","6,3","6,6","7,2","2","5,6","5,3","4,3","10,3","5,7","2,1"
"2023-08","5,2","7,5","2,4","2,4","8,4","4,3","3,1","5,7","6,4","3,5","4,9","5,5","5,6","6,4","3,5","5","3,4","5,3","9,6","6,1","2,4"
"2023-09","4,3","5,8","0,7","0,7","7,4","3,9","3","5,7","4,3","2,4","5","5,6","3,6","4,1","3,4","4,9","-0,3","4,8","9","7,1","3,3"
"2023-10","2,9","4,9","-1,7","-1,7","6,7","5","2,4","4,5","3","3,8","3,6","1,8","2,3","3,1","2,1","4,2","-1","3,2","7,8","6,6","3,5"
"2023-11","2,4","4,9","-0,8","-0,8","5,5","4,1","0,7","3,9","2,3","2,9","2,5","0,6","1,1","2,3","2,1","3,9","1,4","2,2","6,9","4,5","3,3"
"2023-12","2,9","5,7","0,5","0,5","5,4","4,3","1,3","4,1","3,8","3,7","3,2","0,5","0,9","1,6","3,2","3,7","1","1,9","6,6","3,8","3,3"
"2024-01","2,8","4,3","1,5","1,5","4,8","5","1,1","3,4","3,1","3,2","2,7","0,9","1,1","1,1","3","3,7","3,1","2,5","4,4","3,4","3,5"
"2024-02","2,6","4","3,6","3,6","4,8","4,4","1,1","3,2","2,7","3,1","2,3","0,8","0,6","1,1","3,2","3","2,7","2,3","3,8","3,4","2,9"
"2024-03","2,4","4,1","3,8","3,8","4,9","4,1","0,6","2,4","2,3","3,4","1,7","1,2","1","0,4","3,2","2,7","3,1","2,6","2,7","3,4","3,3"
"2024-04","2,4","3,4","4,9","4,9","4,7","3,1","0,6","2,4","2,4","3,2","1,6","0,9","1,1","0,4","3","2,4","2,6","2,3","2,4","3","3,4"
"2024-05","2,6","3,3","4,9","4,9","4,3","3,1","0,4","2,6","2,8","2,4","2","0,8","0","0,9","3,2","2,3","2,7","3,8","2,6","2,5","3,8"
"2024-06","2,5","3,1","5,4","5,4","3,5","2,8","0,5","2,5","2,5","2,5","1,5","0,9","1,5","1","2,8","2,2","3,4","3,1","2,4","1,6","3,6"
"2024-07","2,6","2,9","5,4","5,4","3,3","3,5","0,5","2,7","2,6","3","1,5","1,6","0,8","1,1","2,7","2,3","3,5","2,7","3","1,4","2,9"
"2024-08","2,2","2,4","4,3","4,3","3","3,4","1,1","2,2","2","3,2","1,1","1,2","0,9","0,8","1,7","2,4","3,3","1,8","3,2","1,1","2,4"
"2024-09","1,7","1,8","4,3","4,3","3,1","3,2","1","1,4","1,8","3,1","0","0,7","1,6","0,4","0,8","2,1","3,3","2,6","2,9","0,7","1,7"
"2024-10","2","1,8","4,5","4,5","3,6","4,5","1,5","1,6","2,4","3,1","0,1","1","2,1","0,1","0,9","2,4","3,3","2,6","3,5","0","1,8"
"2024-11","2,2","1,9","4,8","4,8","4","3,8","1,7","1,7","2,4","3","0,5","1,5","2,3","1,1","1,1","2,1","3,8","2,7","3,6","1,6","2,4"
"2024-12","2,4","2,1","4,4","4,4","4,5","4,1","1,6","1,8","2,8","2,9","1","1,4","3,4","1,9","1,6","1,8","3,9","3,1","3,2","2","2,8"
"2025-01","2,5","3,4","4,4","4,4","5","3,8","1,7","1,8","2,8","3,1","1,7","1,7","3,1","3,4","2,4","1,8","3","2,7","4,2","2,3","2,9"
